epoch,time,train/box_loss,train/cls_loss,train/dfl_loss,metrics/precision(B),metrics/recall(B),metrics/mAP50(B),metrics/mAP50-95(B),val/box_loss,val/cls_loss,val/dfl_loss,lr/pg0,lr/pg1,lr/pg2
1,9.36234,3.56579,4.82199,4.09832,0.0004,0.03313,0.00028,7e-05,3.19356,4.19734,4.15789,0.000541775,0.000541775,0.000541775
2,22.0859,3.29564,3.95088,3.69874,0.00088,0.09337,0.00056,0.00016,3.10472,4.245,4.0545,0.00109636,0.00109636,0.00109636
3,38.9249,2.8934,3.31135,3.33521,0.69012,0.11747,0.09442,0.02483,2.66662,3.19203,3.64807,0.00164984,0.00164984,0.00164984
4,61.275,2.60743,2.84284,3.01334,0.69537,0.09036,0.09952,0.06054,2.51305,3.6035,3.16784,0.00166205,0.00166205,0.00166205
5,79.9673,2.44646,2.61792,2.83968,0.86839,0.18373,0.23328,0.14251,2.18268,2.93075,2.93091,0.0016604,0.0016604,0.0016604
6,96.9067,2.13427,2.33329,2.6295,0.863,0.19277,0.23074,0.11631,2.32213,2.37264,2.85095,0.00165875,0.00165875,0.00165875
7,112.143,1.92869,2.00861,2.3868,0.86724,0.28012,0.32463,0.19028,1.89514,2.02781,2.54269,0.0016571,0.0016571,0.0016571
8,129.804,1.72445,1.79824,2.20455,0.69629,0.36211,0.40747,0.24892,1.8795,2.1864,2.46469,0.00165545,0.00165545,0.00165545
9,145.267,1.57278,1.64636,2.10645,0.88911,0.37349,0.47877,0.30824,1.71598,1.81955,2.24629,0.0016538,0.0016538,0.0016538
10,160.583,1.46573,1.4662,1.96966,0.63894,0.34731,0.40701,0.25752,1.85017,1.77991,2.34999,0.00165215,0.00165215,0.00165215
11,173.808,1.37413,1.35465,1.86976,0.90256,0.35542,0.44714,0.27016,1.62573,1.59894,2.24169,0.0016505,0.0016505,0.0016505
12,188.225,1.29145,1.25218,1.81148,0.60786,0.42957,0.47093,0.30646,1.67103,2.4248,2.11308,0.00164885,0.00164885,0.00164885
13,202.517,1.31102,1.26628,1.80688,0.72168,0.45131,0.50924,0.33869,1.60521,1.50179,2.0272,0.0016472,0.0016472,0.0016472
14,221.983,1.24017,1.18693,1.74212,0.62068,0.50553,0.53718,0.36142,1.39538,1.19256,1.94481,0.00164555,0.00164555,0.00164555
15,241.795,1.18423,1.13618,1.67371,0.69089,0.50926,0.57285,0.3863,1.35354,1.26781,1.89147,0.0016439,0.0016439,0.0016439
16,265.613,1.15389,1.07085,1.65341,0.75647,0.52258,0.59156,0.39656,1.3096,1.19988,1.82561,0.00164225,0.00164225,0.00164225
17,285.572,1.12172,1.02731,1.61453,0.64286,0.60218,0.62686,0.38734,1.40866,1.49179,1.83237,0.00164059,0.00164059,0.00164059
18,299.179,1.07333,1.00797,1.56673,0.69609,0.59251,0.6437,0.43543,1.19129,1.09473,1.71684,0.00163894,0.00163894,0.00163894
19,316.957,1.04519,0.94832,1.54289,0.67501,0.63325,0.6603,0.47406,1.06775,0.92973,1.62607,0.00163729,0.00163729,0.00163729
20,337.127,0.99824,0.89575,1.47038,0.82194,0.60405,0.68593,0.49743,1.03412,0.86673,1.54119,0.00163564,0.00163564,0.00163564
21,351.723,1.01269,0.91072,1.47007,0.73039,0.67154,0.70199,0.48705,1.14478,0.9309,1.63692,0.00163399,0.00163399,0.00163399
22,362.613,1.01848,0.89379,1.52145,0.76749,0.63799,0.69341,0.4981,1.04929,1.03097,1.51643,0.00163234,0.00163234,0.00163234
23,374.91,0.98048,0.88396,1.44047,0.83244,0.64284,0.72663,0.52866,1.03992,0.95512,1.50595,0.00163069,0.00163069,0.00163069
24,389.681,0.93358,0.82435,1.38533,0.83415,0.72487,0.76719,0.55896,0.97629,0.80469,1.458,0.00162904,0.00162904,0.00162904
25,409.786,0.90108,0.83011,1.37022,0.78509,0.69782,0.75285,0.53512,0.98967,0.91279,1.44246,0.00162739,0.00162739,0.00162739
26,423.234,0.95673,0.85221,1.40648,0.77939,0.69067,0.7474,0.54518,0.9684,0.82372,1.40919,0.00162574,0.00162574,0.00162574
27,436.236,0.95344,0.82345,1.37106,0.80831,0.71463,0.76932,0.57515,0.91162,0.80546,1.36144,0.00162409,0.00162409,0.00162409
28,453.1,0.89594,0.78396,1.33623,0.78126,0.71764,0.77522,0.56128,0.92526,0.8284,1.33915,0.00162244,0.00162244,0.00162244
29,464.661,0.89896,0.78965,1.3385,0.81766,0.7242,0.76974,0.54048,1.01933,0.8475,1.41645,0.00162079,0.00162079,0.00162079
30,477.052,0.86355,0.71429,1.30851,0.78493,0.71714,0.77445,0.56619,0.89057,0.80829,1.37619,0.00161914,0.00161914,0.00161914
31,490.021,0.89385,0.76745,1.30901,0.83632,0.75665,0.80958,0.57402,1.02364,0.89089,1.41411,0.00161749,0.00161749,0.00161749
32,505.103,0.87444,0.7612,1.31559,0.7576,0.73942,0.78668,0.58401,0.88062,0.90347,1.28434,0.00161584,0.00161584,0.00161584
33,520.851,0.85172,0.73526,1.30131,0.8495,0.72815,0.8133,0.59767,0.90572,0.78023,1.35629,0.00161419,0.00161419,0.00161419
34,539.007,0.84236,0.69179,1.26192,0.79233,0.78984,0.83985,0.59917,0.90905,0.76832,1.30759,0.00161254,0.00161254,0.00161254
35,558.034,0.81936,0.70454,1.24813,0.83489,0.72978,0.82415,0.61193,0.81258,0.75088,1.24812,0.00161089,0.00161089,0.00161089
36,577.502,0.81439,0.70328,1.24737,0.84451,0.82834,0.85862,0.63442,0.84703,0.78164,1.25862,0.00160924,0.00160924,0.00160924
37,598.684,0.81077,0.70566,1.24027,0.8878,0.83814,0.86998,0.6607,0.78483,0.62666,1.22393,0.00160759,0.00160759,0.00160759
38,620.792,0.8139,0.67384,1.23285,0.80667,0.85052,0.87503,0.66387,0.81076,0.67747,1.22983,0.00160594,0.00160594,0.00160594
39,635.79,0.81504,0.67279,1.23674,0.87578,0.78909,0.85686,0.62844,0.90816,0.77498,1.31504,0.00160429,0.00160429,0.00160429
40,649.967,0.82988,0.66572,1.22946,0.90035,0.81526,0.87922,0.65546,0.8119,0.72459,1.2244,0.00160264,0.00160264,0.00160264
41,665.012,0.78453,0.65278,1.19131,0.90041,0.84581,0.89136,0.6699,0.79972,0.64936,1.18632,0.00160099,0.00160099,0.00160099
42,684.224,0.81335,0.65016,1.23425,0.87307,0.83079,0.87917,0.65742,0.7948,0.66848,1.20758,0.00159934,0.00159934,0.00159934
43,699.98,0.79152,0.65964,1.19036,0.91846,0.81674,0.88974,0.66558,0.80491,0.63938,1.20528,0.00159769,0.00159769,0.00159769
44,714.329,0.78787,0.6511,1.1924,0.83966,0.83413,0.88877,0.65445,0.83603,0.7328,1.20537,0.00159604,0.00159604,0.00159604
45,728.403,0.78253,0.63587,1.20443,0.79403,0.82324,0.8848,0.67135,0.81004,0.83345,1.18797,0.00159439,0.00159439,0.00159439
46,747.114,0.76398,0.6256,1.171,0.88439,0.81983,0.89167,0.67371,0.76775,0.65057,1.19325,0.00159274,0.00159274,0.00159274
47,759.51,0.75525,0.62046,1.17834,0.86581,0.82756,0.88663,0.66893,0.77292,0.74164,1.16459,0.00159108,0.00159108,0.00159108
48,770.684,0.73235,0.61553,1.15438,0.92728,0.85601,0.89809,0.6795,0.7767,0.59973,1.16506,0.00158943,0.00158943,0.00158943
49,783.271,0.74724,0.62587,1.14713,0.90929,0.86232,0.89682,0.68945,0.77713,0.65651,1.16524,0.00158778,0.00158778,0.00158778
50,804.485,0.74895,0.62499,1.16091,0.90061,0.81458,0.88267,0.64438,0.77956,0.65916,1.15214,0.00158613,0.00158613,0.00158613
51,820.243,0.72433,0.60203,1.13552,0.79991,0.85719,0.88046,0.66453,0.76144,0.75298,1.14807,0.00158448,0.00158448,0.00158448
52,835.062,0.74669,0.6094,1.1548,0.91775,0.82744,0.90298,0.71021,0.70432,0.62824,1.09976,0.00158283,0.00158283,0.00158283
53,848.082,0.73075,0.59869,1.1386,0.93851,0.83701,0.90011,0.69805,0.71702,0.5645,1.12848,0.00158118,0.00158118,0.00158118
54,862.81,0.74028,0.58542,1.14832,0.88742,0.85902,0.91309,0.68447,0.80849,0.64968,1.18269,0.00157953,0.00157953,0.00157953
55,876.13,0.74358,0.58604,1.14577,0.92438,0.83484,0.90848,0.69744,0.77268,0.60334,1.1627,0.00157788,0.00157788,0.00157788
56,889.298,0.71257,0.58009,1.13207,0.85003,0.87474,0.89956,0.69714,0.73204,0.60348,1.12022,0.00157623,0.00157623,0.00157623
57,901.947,0.74646,0.60905,1.15941,0.92675,0.88195,0.91371,0.71026,0.74111,0.55927,1.13986,0.00157458,0.00157458,0.00157458
58,917.2,0.72803,0.58353,1.12663,0.93152,0.85271,0.91588,0.72607,0.68372,0.6065,1.10373,0.00157293,0.00157293,0.00157293
59,932.58,0.72657,0.56643,1.11593,0.88525,0.86641,0.90507,0.69356,0.71959,0.63574,1.12097,0.00157128,0.00157128,0.00157128
60,944.806,0.69875,0.56191,1.10081,0.9391,0.84811,0.91703,0.7087,0.71821,0.55722,1.09961,0.00156963,0.00156963,0.00156963
61,957.243,0.69699,0.54526,1.09955,0.94249,0.8995,0.92235,0.71464,0.71941,0.53104,1.09694,0.00156798,0.00156798,0.00156798
62,969.174,0.70146,0.54793,1.10311,0.90519,0.86505,0.91096,0.71719,0.7072,0.61639,1.09992,0.00156633,0.00156633,0.00156633
63,981.611,0.71125,0.57645,1.10474,0.95839,0.8716,0.92554,0.70643,0.7337,0.57836,1.10758,0.00156468,0.00156468,0.00156468
64,994.247,0.71255,0.55822,1.09335,0.89905,0.8809,0.91337,0.71306,0.6883,0.54852,1.0501,0.00156303,0.00156303,0.00156303
65,1007.03,0.70093,0.5457,1.10376,0.9099,0.90969,0.92508,0.71222,0.7143,0.52929,1.09335,0.00156138,0.00156138,0.00156138
66,1019.48,0.6861,0.53344,1.10001,0.89877,0.89869,0.92437,0.72454,0.71313,0.51853,1.08441,0.00155973,0.00155973,0.00155973
67,1031.96,0.67001,0.53066,1.07578,0.93415,0.84746,0.92228,0.71612,0.67096,0.5607,1.06168,0.00155808,0.00155808,0.00155808
68,1046.16,0.69893,0.55892,1.10614,0.90826,0.90238,0.9334,0.73137,0.74073,0.55716,1.10232,0.00155643,0.00155643,0.00155643
69,1059.7,0.66726,0.51547,1.06896,0.92199,0.88395,0.93202,0.73285,0.66854,0.55045,1.06358,0.00155478,0.00155478,0.00155478
70,1076.52,0.67822,0.52452,1.07907,0.91583,0.92585,0.93992,0.75068,0.67747,0.54683,1.05855,0.00155313,0.00155313,0.00155313
71,1093.63,0.68563,0.52214,1.0894,0.95774,0.8906,0.94257,0.73177,0.70809,0.52594,1.09647,0.00155148,0.00155148,0.00155148
72,1107.23,0.67535,0.52208,1.07398,0.94577,0.90227,0.93743,0.73231,0.70897,0.54035,1.12216,0.00154983,0.00154983,0.00154983
73,1122.05,0.68248,0.51843,1.08306,0.94233,0.88172,0.92983,0.73676,0.71226,0.53678,1.11054,0.00154818,0.00154818,0.00154818
74,1136.45,0.68375,0.50957,1.07067,0.93669,0.89853,0.94409,0.7599,0.65326,0.51779,1.04215,0.00154653,0.00154653,0.00154653
75,1156.49,0.64865,0.50031,1.05011,0.94955,0.88159,0.93438,0.73502,0.66305,0.54833,1.04556,0.00154488,0.00154488,0.00154488
76,1169.5,0.67079,0.51343,1.06642,0.91751,0.89676,0.93305,0.72627,0.69852,0.5567,1.07009,0.00154323,0.00154323,0.00154323
77,1181.95,0.64374,0.49025,1.05154,0.95169,0.88516,0.94005,0.74715,0.66763,0.53365,1.05073,0.00154157,0.00154157,0.00154157
78,1192.47,0.6873,0.53179,1.07965,0.95762,0.87988,0.93763,0.75629,0.66725,0.57411,1.06969,0.00153992,0.00153992,0.00153992
79,1203.4,0.64339,0.49597,1.04947,0.9374,0.91261,0.93925,0.74084,0.67749,0.52283,1.06018,0.00153827,0.00153827,0.00153827
80,1216.47,0.65963,0.51393,1.06454,0.92608,0.89977,0.93895,0.74486,0.65014,0.56393,1.04681,0.00153662,0.00153662,0.00153662
81,1227.78,0.64798,0.50181,1.05581,0.931,0.91643,0.9442,0.75751,0.64953,0.53745,1.02645,0.00153497,0.00153497,0.00153497
82,1243.47,0.63708,0.47782,1.04802,0.93396,0.90732,0.94443,0.74571,0.67033,0.53817,1.06069,0.00153332,0.00153332,0.00153332
83,1257.5,0.64662,0.48944,1.0512,0.9412,0.92178,0.95108,0.7694,0.6476,0.48372,1.02712,0.00153167,0.00153167,0.00153167
84,1276.94,0.63995,0.4905,1.04566,0.94911,0.91484,0.95294,0.76318,0.62447,0.48491,1.00777,0.00153002,0.00153002,0.00153002
85,1289.66,0.62244,0.47928,1.04181,0.94434,0.92178,0.94949,0.74778,0.66779,0.4882,1.04279,0.00152837,0.00152837,0.00152837
86,1300.4,0.60406,0.45987,1.01388,0.9519,0.92317,0.94347,0.76695,0.65898,0.52507,1.02835,0.00152672,0.00152672,0.00152672
87,1315.2,0.6297,0.48672,1.03515,0.95785,0.90759,0.9544,0.74429,0.69454,0.49909,1.05864,0.00152507,0.00152507,0.00152507
88,1328.6,0.62784,0.49189,1.04856,0.9394,0.91595,0.94926,0.75984,0.63526,0.48848,1.02028,0.00152342,0.00152342,0.00152342
89,1340.76,0.63373,0.49727,1.03855,0.926,0.91198,0.94707,0.74769,0.64716,0.5162,1.03405,0.00152177,0.00152177,0.00152177
90,1354.26,0.62261,0.47661,1.02603,0.95605,0.90593,0.94557,0.75649,0.63085,0.5343,1.02927,0.00152012,0.00152012,0.00152012
91,1367.11,0.63753,0.48863,1.04797,0.93123,0.92254,0.94541,0.76363,0.64429,0.48472,1.03206,0.00151847,0.00151847,0.00151847
92,1379.11,0.63659,0.46691,1.04366,0.93234,0.90688,0.93673,0.75862,0.64533,0.48693,1.05958,0.00151682,0.00151682,0.00151682
93,1391.25,0.6222,0.46669,1.03065,0.92167,0.93339,0.95573,0.78628,0.63135,0.48534,1.02486,0.00151517,0.00151517,0.00151517
94,1408.19,0.62145,0.49847,1.0312,0.94168,0.92093,0.94814,0.78051,0.62961,0.48021,1.01254,0.00151352,0.00151352,0.00151352
95,1419.67,0.64467,0.50348,1.05412,0.94449,0.92493,0.95731,0.74983,0.68292,0.46984,1.02552,0.00151187,0.00151187,0.00151187
96,1434.44,0.62111,0.48316,1.02592,0.92557,0.90749,0.93922,0.74413,0.65938,0.5041,1.01675,0.00151022,0.00151022,0.00151022
97,1448.98,0.61666,0.47081,1.02868,0.93228,0.92004,0.95124,0.76089,0.63408,0.48985,1.02078,0.00150857,0.00150857,0.00150857
98,1463.41,0.60389,0.43891,1.00969,0.94631,0.91064,0.96016,0.77794,0.64269,0.49789,1.00381,0.00150692,0.00150692,0.00150692
99,1478.67,0.62869,0.46515,1.02694,0.94847,0.92506,0.95528,0.77544,0.64113,0.49177,1.02875,0.00150527,0.00150527,0.00150527
100,1493.18,0.61543,0.48145,1.0223,0.9425,0.93508,0.96225,0.78977,0.62169,0.46007,1.01529,0.00150362,0.00150362,0.00150362
101,1507.88,0.62695,0.46792,1.02476,0.93887,0.94507,0.961,0.7767,0.63772,0.44958,1.02334,0.00150197,0.00150197,0.00150197
102,1519.56,0.59218,0.44895,0.99288,0.94715,0.93737,0.96042,0.78255,0.62533,0.4834,1.00754,0.00150032,0.00150032,0.00150032
103,1532.73,0.59564,0.4508,0.99496,0.95611,0.94681,0.96157,0.77157,0.64321,0.50943,1.026,0.00149867,0.00149867,0.00149867
104,1546.34,0.59631,0.45728,1.01192,0.95115,0.93712,0.95807,0.78038,0.61538,0.46814,1.01136,0.00149702,0.00149702,0.00149702
105,1560.47,0.58591,0.44714,0.99194,0.95936,0.93449,0.95854,0.77921,0.60873,0.46341,0.98329,0.00149537,0.00149537,0.00149537
106,1575.45,0.5964,0.44191,1.0131,0.97432,0.91925,0.96101,0.78506,0.62336,0.45494,1.00812,0.00149372,0.00149372,0.00149372
107,1589.3,0.59798,0.44033,1.00873,0.96405,0.92587,0.96036,0.7868,0.61193,0.46641,1.00475,0.00149207,0.00149207,0.00149207
108,1603.02,0.58438,0.43818,0.9929,0.96437,0.92794,0.95853,0.79242,0.61102,0.44965,1.02083,0.00149041,0.00149041,0.00149041
109,1622.98,0.60103,0.43127,1.00835,0.96241,0.93472,0.95821,0.79041,0.62012,0.48248,1.02542,0.00148876,0.00148876,0.00148876
110,1638.89,0.61797,0.44918,1.01069,0.95786,0.92554,0.96282,0.77339,0.6385,0.46914,1.00798,0.00148711,0.00148711,0.00148711
111,1649.57,0.58477,0.43029,1.00349,0.9539,0.93509,0.96893,0.80172,0.61493,0.4435,0.98308,0.00148546,0.00148546,0.00148546
112,1662.27,0.58902,0.44709,1.00804,0.9156,0.92794,0.95809,0.7721,0.62017,0.51229,0.98714,0.00148381,0.00148381,0.00148381
113,1673.38,0.57563,0.42576,0.99157,0.96585,0.94379,0.96291,0.79289,0.60143,0.4583,0.98883,0.00148216,0.00148216,0.00148216
114,1687.15,0.58195,0.43676,0.9939,0.94157,0.93423,0.95232,0.77971,0.61625,0.48341,0.99691,0.00148051,0.00148051,0.00148051
115,1700.45,0.56417,0.4323,0.98257,0.93752,0.93887,0.95265,0.78322,0.61382,0.53334,0.99721,0.00147886,0.00147886,0.00147886
116,1712.95,0.59157,0.44472,0.99636,0.96096,0.93737,0.96708,0.79067,0.6151,0.45918,0.9834,0.00147721,0.00147721,0.00147721
117,1724.59,0.57852,0.43987,1.00247,0.96688,0.92931,0.96517,0.78795,0.61205,0.43239,0.9865,0.00147556,0.00147556,0.00147556
118,1738.41,0.58629,0.44118,0.99509,0.95452,0.92818,0.96171,0.78854,0.62221,0.45945,1.04458,0.00147391,0.00147391,0.00147391
119,1751.38,0.5849,0.43581,0.99059,0.92654,0.93951,0.9619,0.77291,0.62285,0.54065,0.99909,0.00147226,0.00147226,0.00147226
120,1762.73,0.57686,0.43577,0.9849,0.95179,0.9278,0.96126,0.78947,0.61292,0.46799,0.97928,0.00147061,0.00147061,0.00147061
121,1775.24,0.57185,0.42788,0.99425,0.9747,0.92082,0.96648,0.79065,0.61781,0.45414,1.00356,0.00146896,0.00146896,0.00146896
122,1787.79,0.59945,0.43735,0.99665,0.95533,0.9282,0.96605,0.77793,0.61416,0.45116,0.98431,0.00146731,0.00146731,0.00146731
123,1800.19,0.56503,0.41675,0.98026,0.95738,0.92807,0.96418,0.80081,0.59074,0.46795,0.96794,0.00146566,0.00146566,0.00146566
124,1812.9,0.57716,0.42698,0.99076,0.94216,0.92479,0.96563,0.79314,0.5898,0.46397,0.97343,0.00146401,0.00146401,0.00146401
125,1824.95,0.58406,0.42735,1.00398,0.95308,0.94366,0.96639,0.78937,0.59184,0.44222,0.97855,0.00146236,0.00146236,0.00146236
126,1837.95,0.57273,0.4166,0.98119,0.96772,0.93788,0.96885,0.778,0.61959,0.48197,0.98476,0.00146071,0.00146071,0.00146071
127,1850.96,0.58468,0.43039,0.99261,0.97163,0.94353,0.96665,0.79101,0.58415,0.42524,0.96793,0.00145906,0.00145906,0.00145906
128,1864.12,0.57003,0.41848,0.98717,0.97983,0.93096,0.97639,0.80981,0.58339,0.421,0.98256,0.00145741,0.00145741,0.00145741
129,1880.51,0.56602,0.41287,0.97898,0.95348,0.92466,0.96753,0.7985,0.59704,0.46313,0.99312,0.00145576,0.00145576,0.00145576
130,1895.22,0.56618,0.41823,0.99334,0.9699,0.93724,0.97197,0.8016,0.58178,0.43155,0.9791,0.00145411,0.00145411,0.00145411
131,1910.18,0.55511,0.41334,0.98154,0.97257,0.94824,0.97552,0.8132,0.55936,0.4107,0.96234,0.00145246,0.00145246,0.00145246
132,1927.89,0.53586,0.39473,0.96996,0.96897,0.95175,0.97549,0.8062,0.57413,0.42138,0.97737,0.00145081,0.00145081,0.00145081
133,1941.2,0.56401,0.41593,0.98739,0.97073,0.94313,0.96915,0.80852,0.56727,0.41333,0.9621,0.00144916,0.00144916,0.00144916
134,1954.35,0.54496,0.40839,0.96399,0.96086,0.93423,0.9632,0.80873,0.57814,0.42408,0.98047,0.00144751,0.00144751,0.00144751
135,1967.14,0.55501,0.4172,0.97666,0.96847,0.92794,0.96656,0.8185,0.57002,0.4396,0.96623,0.00144586,0.00144586,0.00144586
136,1983.16,0.56272,0.41483,0.97966,0.94447,0.94512,0.9709,0.80937,0.59063,0.42613,0.98155,0.00144421,0.00144421,0.00144421
137,1993.94,0.56218,0.40973,0.97774,0.94876,0.95166,0.97037,0.81281,0.591,0.41264,0.99953,0.00144256,0.00144256,0.00144256
138,2004.38,0.54915,0.40886,0.98334,0.96781,0.93496,0.96972,0.80868,0.58845,0.42737,0.97467,0.0014409,0.0014409,0.0014409
139,2015.07,0.57294,0.41682,0.98722,0.95959,0.94641,0.96911,0.80045,0.57971,0.43262,0.96666,0.00143925,0.00143925,0.00143925
140,2026.47,0.55958,0.41626,0.97534,0.95103,0.92779,0.9663,0.80831,0.57348,0.43269,0.96928,0.0014376,0.0014376,0.0014376
141,2037.21,0.56736,0.41213,0.98195,0.96993,0.95008,0.97462,0.80114,0.60064,0.41138,0.97816,0.00143595,0.00143595,0.00143595
142,2051.37,0.56007,0.42377,0.98616,0.96701,0.9375,0.9752,0.81626,0.58234,0.41353,0.98306,0.0014343,0.0014343,0.0014343
143,2065.05,0.56545,0.41247,0.98823,0.95455,0.95781,0.97195,0.81348,0.57604,0.42083,0.96762,0.00143265,0.00143265,0.00143265
144,2079.73,0.53443,0.39767,0.96354,0.96668,0.95782,0.97523,0.81482,0.59353,0.40952,0.99611,0.001431,0.001431,0.001431
145,2092.81,0.54185,0.39532,0.96213,0.97574,0.95482,0.97532,0.81136,0.59009,0.40424,0.97139,0.00142935,0.00142935,0.00142935
146,2103.67,0.57063,0.41747,0.9997,0.96409,0.95296,0.97012,0.80981,0.58099,0.40077,0.98382,0.0014277,0.0014277,0.0014277
147,2118.66,0.54423,0.39654,0.97188,0.94584,0.94805,0.96982,0.8168,0.56718,0.41214,0.97545,0.00142605,0.00142605,0.00142605
148,2131.87,0.52851,0.39343,0.95911,0.97046,0.94417,0.9685,0.80912,0.57748,0.4129,0.97432,0.0014244,0.0014244,0.0014244
149,2144.29,0.54915,0.4013,0.97819,0.97694,0.94232,0.97038,0.80501,0.58251,0.40831,0.95751,0.00142275,0.00142275,0.00142275
150,2157.5,0.53508,0.38648,0.96896,0.95861,0.94163,0.97231,0.80602,0.57002,0.41819,0.95624,0.0014211,0.0014211,0.0014211
151,2168.95,0.54096,0.4046,0.96916,0.9547,0.96424,0.97519,0.81296,0.56735,0.38634,0.94305,0.00141945,0.00141945,0.00141945
152,2180.76,0.54176,0.39724,0.97251,0.95945,0.94366,0.97562,0.79954,0.59558,0.44625,0.97354,0.0014178,0.0014178,0.0014178
153,2192.2,0.53304,0.40749,0.97876,0.96574,0.95137,0.9768,0.81339,0.57711,0.39641,0.96377,0.00141615,0.00141615,0.00141615
154,2204.89,0.54216,0.41528,0.96939,0.95623,0.93772,0.96846,0.80886,0.5788,0.42853,0.96358,0.0014145,0.0014145,0.0014145
155,2218.57,0.54569,0.40177,0.97286,0.96306,0.95637,0.97113,0.81834,0.57214,0.41118,0.96487,0.00141285,0.00141285,0.00141285
156,2236.28,0.53283,0.3912,0.9582,0.95939,0.94335,0.97386,0.81637,0.56213,0.4395,0.96972,0.0014112,0.0014112,0.0014112
157,2250.65,0.53606,0.39026,0.97326,0.97427,0.95264,0.97396,0.81694,0.54603,0.39211,0.95457,0.00140955,0.00140955,0.00140955
158,2263.59,0.54051,0.39581,0.9626,0.95823,0.95832,0.97227,0.81524,0.56928,0.39866,0.96932,0.0014079,0.0014079,0.0014079
159,2276.62,0.52827,0.37939,0.96323,0.95607,0.94982,0.97161,0.81594,0.57045,0.42398,0.98252,0.00140625,0.00140625,0.00140625
160,2291.2,0.54107,0.38532,0.96516,0.96281,0.94468,0.97325,0.79904,0.57626,0.41424,0.95858,0.0014046,0.0014046,0.0014046
161,2304.56,0.53854,0.40414,0.97061,0.95753,0.95938,0.97644,0.80338,0.59363,0.4362,0.97835,0.00140295,0.00140295,0.00140295
162,2317.21,0.53451,0.38529,0.97248,0.95523,0.92955,0.97017,0.81065,0.55898,0.42673,0.94886,0.0014013,0.0014013,0.0014013
163,2328.6,0.52084,0.39143,0.96001,0.97971,0.94939,0.97569,0.82809,0.53732,0.38235,0.93724,0.00139965,0.00139965,0.00139965
164,2347.32,0.52243,0.38079,0.95326,0.96565,0.95008,0.97092,0.81541,0.55336,0.39115,0.96398,0.001398,0.001398,0.001398
165,2361.59,0.53327,0.38166,0.95985,0.9606,0.9511,0.97426,0.80017,0.56909,0.43197,0.94466,0.00139635,0.00139635,0.00139635
166,2375.41,0.53026,0.3876,0.94881,0.95007,0.94631,0.96495,0.81829,0.53749,0.40734,0.95045,0.0013947,0.0013947,0.0013947
167,2389.65,0.52652,0.38873,0.95591,0.9532,0.95423,0.96761,0.80951,0.55727,0.40597,0.95374,0.00139305,0.00139305,0.00139305
168,2404.04,0.5264,0.39079,0.96114,0.96437,0.95925,0.97655,0.8244,0.55276,0.39003,0.94678,0.00139139,0.00139139,0.00139139
169,2417.46,0.51773,0.37878,0.94154,0.95791,0.9432,0.97255,0.81694,0.56104,0.39775,0.95142,0.00138974,0.00138974,0.00138974
170,2432.42,0.5093,0.37425,0.94042,0.96747,0.96869,0.97639,0.8313,0.54335,0.36535,0.94823,0.00138809,0.00138809,0.00138809
171,2451.22,0.4974,0.36038,0.94812,0.96116,0.96055,0.9729,0.8216,0.54542,0.40377,0.92691,0.00138644,0.00138644,0.00138644
172,2465.82,0.50545,0.37898,0.94232,0.96716,0.95887,0.9755,0.82173,0.55113,0.39035,0.93725,0.00138479,0.00138479,0.00138479
173,2478.68,0.50834,0.37795,0.94641,0.95005,0.94379,0.96705,0.81943,0.55072,0.43169,0.9449,0.00138314,0.00138314,0.00138314
174,2489.2,0.51641,0.36792,0.95405,0.9646,0.94879,0.96948,0.82249,0.56231,0.41495,0.95571,0.00138149,0.00138149,0.00138149
175,2499.72,0.5208,0.37869,0.95477,0.96248,0.94366,0.97173,0.83119,0.54771,0.40033,0.94932,0.00137984,0.00137984,0.00137984
176,2510.54,0.51601,0.3745,0.94341,0.9618,0.96554,0.97699,0.81797,0.57112,0.41383,0.95642,0.00137819,0.00137819,0.00137819
177,2521.27,0.50899,0.36432,0.94176,0.96564,0.95874,0.97669,0.82578,0.5458,0.40611,0.94394,0.00137654,0.00137654,0.00137654
178,2531.71,0.50936,0.3783,0.94723,0.9646,0.94995,0.97318,0.81393,0.55778,0.4047,0.95541,0.00137489,0.00137489,0.00137489
179,2543.8,0.49086,0.3595,0.93887,0.97053,0.94681,0.9709,0.82511,0.53177,0.37392,0.95625,0.00137324,0.00137324,0.00137324
180,2554.88,0.50171,0.36963,0.94542,0.96717,0.95008,0.97572,0.82996,0.55474,0.40358,0.9524,0.00137159,0.00137159,0.00137159
181,2566.51,0.49625,0.37042,0.93501,0.9531,0.96959,0.97799,0.83134,0.51915,0.38601,0.91797,0.00136994,0.00136994,0.00136994
182,2584.11,0.50929,0.36987,0.9574,0.9568,0.95897,0.97565,0.82084,0.56816,0.41075,1.00642,0.00136829,0.00136829,0.00136829
183,2598.4,0.50503,0.36844,0.9464,0.96366,0.93135,0.96846,0.83073,0.54414,0.44819,0.98549,0.00136664,0.00136664,0.00136664
184,2610.71,0.51265,0.37022,0.94355,0.97171,0.94735,0.97621,0.83608,0.53795,0.40056,0.93349,0.00136499,0.00136499,0.00136499
185,2628.73,0.52293,0.38204,0.95712,0.96894,0.94599,0.9715,0.8222,0.57055,0.43586,0.95023,0.00136334,0.00136334,0.00136334
186,2640.53,0.48671,0.35236,0.93627,0.96279,0.95829,0.97545,0.82374,0.54082,0.38897,0.95001,0.00136169,0.00136169,0.00136169
187,2653.21,0.49886,0.37015,0.9414,0.97028,0.94927,0.97408,0.81849,0.53845,0.38562,0.95567,0.00136004,0.00136004,0.00136004
188,2665.36,0.50939,0.37325,0.94229,0.9828,0.9357,0.9766,0.83121,0.5436,0.3854,0.94091,0.00135839,0.00135839,0.00135839
189,2677.71,0.51793,0.37671,0.93799,0.96112,0.95022,0.97586,0.82291,0.53801,0.40332,0.95066,0.00135674,0.00135674,0.00135674
190,2690.36,0.49204,0.35865,0.9388,0.94839,0.96174,0.97537,0.83495,0.53007,0.41577,0.93936,0.00135509,0.00135509,0.00135509
191,2702.35,0.502,0.36254,0.94462,0.97426,0.94982,0.97869,0.8332,0.53624,0.4124,0.94536,0.00135344,0.00135344,0.00135344
192,2715.59,0.50055,0.37305,0.94549,0.9548,0.9531,0.97046,0.82682,0.54229,0.40997,0.9391,0.00135179,0.00135179,0.00135179
193,2726.94,0.5057,0.35899,0.94486,0.96461,0.94634,0.9734,0.81898,0.55471,0.41137,0.94452,0.00135014,0.00135014,0.00135014
194,2738.26,0.50227,0.36509,0.93842,0.9602,0.94789,0.97539,0.81742,0.56121,0.43773,0.95142,0.00134849,0.00134849,0.00134849
195,2749.36,0.48924,0.36411,0.92159,0.96343,0.95323,0.97465,0.82765,0.52368,0.4104,0.92332,0.00134684,0.00134684,0.00134684
196,2764.27,0.49293,0.37451,0.93293,0.97633,0.95323,0.97426,0.8202,0.56634,0.39616,0.92792,0.00134519,0.00134519,0.00134519
197,2776.94,0.51075,0.37354,0.94605,0.96578,0.96541,0.97552,0.83251,0.53715,0.38368,0.93415,0.00134354,0.00134354,0.00134354
198,2790.33,0.51685,0.376,0.94952,0.95238,0.96785,0.97648,0.83218,0.55284,0.40407,0.96609,0.00134188,0.00134188,0.00134188
199,2801.09,0.50665,0.36266,0.95382,0.9641,0.94353,0.97471,0.8295,0.54312,0.38917,0.93426,0.00134023,0.00134023,0.00134023
200,2815.31,0.50503,0.35812,0.94423,0.97612,0.94691,0.97754,0.8238,0.54843,0.38248,0.94033,0.00133858,0.00133858,0.00133858
201,2826.04,0.50635,0.37546,0.94881,0.9502,0.9582,0.97054,0.83096,0.54904,0.40352,0.92911,0.00133693,0.00133693,0.00133693
202,2840.04,0.49039,0.36292,0.9425,0.9653,0.95241,0.97488,0.83061,0.53957,0.38613,0.94641,0.00133528,0.00133528,0.00133528
203,2854.36,0.49486,0.3613,0.93979,0.96423,0.93463,0.96996,0.83829,0.50923,0.4139,0.9471,0.00133363,0.00133363,0.00133363
204,2872.61,0.50315,0.36548,0.95306,0.95852,0.95856,0.9725,0.82925,0.54031,0.41016,0.95823,0.00133198,0.00133198,0.00133198
205,2887.26,0.48423,0.36345,0.93092,0.95837,0.94427,0.97296,0.81961,0.54002,0.42546,0.94178,0.00133033,0.00133033,0.00133033
206,2901.35,0.50001,0.37469,0.94573,0.97089,0.9531,0.97521,0.8296,0.53558,0.40662,0.9449,0.00132868,0.00132868,0.00132868
207,2913.79,0.49173,0.35971,0.93527,0.98546,0.94871,0.97685,0.84633,0.51633,0.38785,0.92292,0.00132703,0.00132703,0.00132703
208,2929.17,0.48911,0.36311,0.93226,0.95867,0.96841,0.97709,0.83756,0.52371,0.38893,0.93122,0.00132538,0.00132538,0.00132538
209,2941.51,0.48543,0.35093,0.92429,0.96664,0.95938,0.97576,0.82852,0.53286,0.39254,0.95914,0.00132373,0.00132373,0.00132373
210,2954.99,0.49149,0.36484,0.94342,0.9707,0.95952,0.97621,0.82607,0.54016,0.37374,0.94237,0.00132208,0.00132208,0.00132208
211,2968.41,0.47736,0.35521,0.93993,0.96514,0.94995,0.97643,0.83111,0.53549,0.37901,0.9302,0.00132043,0.00132043,0.00132043
212,2980.69,0.47592,0.35393,0.92582,0.97472,0.95756,0.97887,0.83761,0.53098,0.38234,0.93343,0.00131878,0.00131878,0.00131878
213,2993.55,0.48429,0.35053,0.93884,0.95725,0.95693,0.97808,0.83281,0.5356,0.38604,0.94412,0.00131713,0.00131713,0.00131713
214,3007.61,0.48287,0.35494,0.93749,0.96282,0.95036,0.97589,0.82356,0.53534,0.38014,0.93013,0.00131548,0.00131548,0.00131548
215,3022.28,0.47411,0.35565,0.93554,0.97641,0.95475,0.9774,0.83754,0.52817,0.38328,0.92922,0.00131383,0.00131383,0.00131383
216,3035.12,0.49247,0.35643,0.93388,0.96191,0.9656,0.97712,0.82942,0.55141,0.38329,0.9369,0.00131218,0.00131218,0.00131218
217,3046.78,0.49328,0.3563,0.93894,0.97012,0.95891,0.9794,0.84182,0.52895,0.36116,0.9371,0.00131053,0.00131053,0.00131053
218,3058.1,0.48551,0.36279,0.94504,0.97408,0.95251,0.97535,0.83275,0.52363,0.36115,0.92629,0.00130888,0.00130888,0.00130888
219,3071.26,0.47406,0.35221,0.93104,0.96753,0.96776,0.97897,0.84761,0.52121,0.35984,0.92133,0.00130723,0.00130723,0.00130723
220,3087.74,0.4812,0.35442,0.93951,0.96982,0.96342,0.97855,0.83557,0.52629,0.38614,0.91564,0.00130558,0.00130558,0.00130558
221,3100.87,0.47255,0.35923,0.9297,0.96743,0.9584,0.97848,0.83182,0.52917,0.38583,0.9108,0.00130393,0.00130393,0.00130393
222,3113.05,0.47288,0.34619,0.9262,0.9618,0.9624,0.97643,0.82465,0.53644,0.36814,0.92294,0.00130228,0.00130228,0.00130228
223,3126.47,0.47557,0.34546,0.93351,0.97279,0.95624,0.97938,0.84031,0.53066,0.37375,0.92423,0.00130063,0.00130063,0.00130063
224,3143.47,0.48522,0.34743,0.94029,0.96913,0.95441,0.97665,0.8365,0.53831,0.38331,0.9454,0.00129898,0.00129898,0.00129898
225,3157.72,0.46683,0.33539,0.93171,0.96216,0.96223,0.97856,0.83616,0.53256,0.38757,0.95028,0.00129733,0.00129733,0.00129733
226,3172.58,0.46462,0.34469,0.93516,0.97735,0.94995,0.9794,0.84329,0.50389,0.37719,0.92581,0.00129568,0.00129568,0.00129568
227,3186.26,0.47259,0.34541,0.92869,0.9824,0.94195,0.97752,0.82865,0.54825,0.3879,0.95024,0.00129403,0.00129403,0.00129403
228,3199.71,0.49448,0.36024,0.94435,0.97433,0.94681,0.97676,0.81756,0.53999,0.38724,0.93662,0.00129238,0.00129238,0.00129238
229,3210.97,0.47394,0.35054,0.91979,0.96591,0.96253,0.97492,0.82856,0.5242,0.37475,0.93182,0.00129072,0.00129072,0.00129072
230,3221.69,0.46314,0.33749,0.92618,0.95419,0.96359,0.97575,0.83341,0.5203,0.3861,0.94119,0.00128907,0.00128907,0.00128907
231,3233,0.44812,0.32701,0.91021,0.96746,0.95022,0.97468,0.84454,0.52604,0.39569,0.92828,0.00128742,0.00128742,0.00128742
232,3243.83,0.46329,0.33853,0.92587,0.95351,0.95856,0.97363,0.83326,0.52222,0.37602,0.94065,0.00128577,0.00128577,0.00128577
233,3256.79,0.47277,0.34834,0.92262,0.97445,0.95901,0.97918,0.83821,0.51968,0.36077,0.93712,0.00128412,0.00128412,0.00128412
234,3268.81,0.46381,0.34206,0.93007,0.96507,0.96296,0.98125,0.84014,0.52636,0.37679,0.92084,0.00128247,0.00128247,0.00128247
235,3280.13,0.4744,0.34517,0.92576,0.9709,0.96581,0.98259,0.83597,0.54022,0.36154,0.93112,0.00128082,0.00128082,0.00128082
236,3291.47,0.45795,0.33549,0.91889,0.9497,0.95952,0.9755,0.82767,0.53425,0.37237,0.92676,0.00127917,0.00127917,0.00127917
237,3302.57,0.46532,0.34252,0.92345,0.96726,0.94681,0.97754,0.83392,0.52991,0.38918,0.93505,0.00127752,0.00127752,0.00127752
238,3313.91,0.47025,0.33923,0.92642,0.96218,0.94065,0.97118,0.8334,0.54131,0.40029,0.98811,0.00127587,0.00127587,0.00127587
239,3325.12,0.46095,0.33311,0.91096,0.97749,0.94787,0.97241,0.84057,0.51956,0.37196,0.92489,0.00127422,0.00127422,0.00127422
240,3335.87,0.45005,0.34007,0.91312,0.96619,0.95273,0.97758,0.83486,0.53301,0.35664,0.92712,0.00127257,0.00127257,0.00127257
241,3347.55,0.46616,0.33207,0.91987,0.97594,0.9459,0.97594,0.83217,0.52227,0.37267,0.92824,0.00127092,0.00127092,0.00127092
242,3358.9,0.47336,0.34114,0.92126,0.9768,0.95108,0.97696,0.84303,0.52253,0.36598,0.93923,0.00126927,0.00126927,0.00126927
243,3370.68,0.45653,0.33685,0.91925,0.97496,0.96016,0.97941,0.84219,0.51472,0.3677,0.91683,0.00126762,0.00126762,0.00126762
244,3384.61,0.46909,0.34305,0.92819,0.96315,0.96778,0.98186,0.83849,0.52959,0.35949,0.9117,0.00126597,0.00126597,0.00126597
245,3399.15,0.4813,0.34957,0.92767,0.97163,0.95616,0.97961,0.8366,0.54267,0.38797,0.96755,0.00126432,0.00126432,0.00126432
246,3413.06,0.47421,0.34234,0.93098,0.97679,0.95952,0.97773,0.83506,0.54289,0.3629,0.94979,0.00126267,0.00126267,0.00126267
247,3427.39,0.46107,0.33754,0.91566,0.97281,0.96253,0.97786,0.83843,0.54849,0.36932,0.99307,0.00126102,0.00126102,0.00126102
248,3441.76,0.46342,0.33374,0.93396,0.96386,0.96069,0.97703,0.84028,0.53388,0.38499,0.95653,0.00125937,0.00125937,0.00125937
249,3452.66,0.46537,0.34061,0.92235,0.96467,0.96697,0.97906,0.84271,0.51713,0.37985,0.91536,0.00125772,0.00125772,0.00125772
250,3463.38,0.46783,0.34899,0.93404,0.97013,0.96643,0.97961,0.83727,0.5278,0.36622,0.92856,0.00125607,0.00125607,0.00125607
251,3478.8,0.46859,0.34547,0.9245,0.96659,0.96251,0.97868,0.83974,0.53314,0.36535,0.93941,0.00125442,0.00125442,0.00125442
252,3490.63,0.4738,0.34105,0.92069,0.97494,0.95917,0.97929,0.83674,0.53226,0.37127,0.91585,0.00125277,0.00125277,0.00125277
253,3503.93,0.46643,0.33655,0.9195,0.96479,0.9531,0.97553,0.82993,0.54272,0.3972,0.93982,0.00125112,0.00125112,0.00125112
254,3516.9,0.4637,0.33598,0.91923,0.96538,0.95254,0.97718,0.83637,0.52204,0.37068,0.91901,0.00124947,0.00124947,0.00124947
255,3530.01,0.4661,0.3275,0.91086,0.98329,0.95008,0.97955,0.83753,0.52978,0.35661,0.92551,0.00124782,0.00124782,0.00124782
256,3541.74,0.44181,0.33339,0.91561,0.97438,0.94816,0.97336,0.83551,0.53064,0.39259,0.93064,0.00124617,0.00124617,0.00124617
257,3555.61,0.46796,0.34707,0.93024,0.97354,0.94995,0.97869,0.83614,0.52766,0.3741,0.94485,0.00124452,0.00124452,0.00124452
258,3566.43,0.46064,0.3394,0.92706,0.98428,0.94065,0.97667,0.8349,0.51778,0.3517,0.92294,0.00124287,0.00124287,0.00124287
259,3576.89,0.4561,0.32197,0.91059,0.95274,0.9624,0.97809,0.82821,0.51475,0.36686,0.9267,0.00124121,0.00124121,0.00124121
260,3587.73,0.45197,0.33111,0.91753,0.953,0.9698,0.97863,0.83393,0.51219,0.35779,0.92418,0.00123956,0.00123956,0.00123956
261,3600.31,0.45471,0.33327,0.91776,0.9658,0.96106,0.97854,0.84429,0.50778,0.34882,0.92897,0.00123791,0.00123791,0.00123791
262,3613.24,0.4459,0.32734,0.90369,0.9839,0.9606,0.9808,0.83523,0.51482,0.33989,0.92595,0.00123626,0.00123626,0.00123626
263,3625.83,0.44192,0.32294,0.89243,0.97727,0.96202,0.9817,0.83208,0.53878,0.37334,0.94366,0.00123461,0.00123461,0.00123461
264,3639.34,0.45973,0.33113,0.92251,0.97246,0.95355,0.97371,0.83912,0.52032,0.36502,0.93742,0.00123296,0.00123296,0.00123296
265,3653.05,0.44909,0.31891,0.9051,0.97729,0.94683,0.9787,0.84504,0.50787,0.36738,0.9208,0.00123131,0.00123131,0.00123131
266,3665.05,0.44174,0.32792,0.91151,0.97432,0.94749,0.97732,0.8418,0.50477,0.39615,0.91437,0.00122966,0.00122966,0.00122966
267,3678.88,0.44791,0.33279,0.92825,0.97558,0.95008,0.97389,0.84013,0.50585,0.41815,0.91824,0.00122801,0.00122801,0.00122801
268,3692.2,0.43896,0.32621,0.90709,0.97378,0.96218,0.97452,0.82551,0.51269,0.36637,0.92864,0.00122636,0.00122636,0.00122636
269,3704.44,0.45184,0.33078,0.91571,0.97596,0.96442,0.97852,0.84293,0.51129,0.37256,0.92343,0.00122471,0.00122471,0.00122471
270,3716.13,0.45455,0.33229,0.91937,0.9801,0.95611,0.97808,0.84418,0.49919,0.36548,0.9097,0.00122306,0.00122306,0.00122306
271,3730.15,0.45804,0.33313,0.90793,0.97037,0.95176,0.97621,0.84007,0.51935,0.36643,0.93406,0.00122141,0.00122141,0.00122141
272,3744.94,0.45835,0.33559,0.92439,0.97323,0.95816,0.97783,0.83582,0.51102,0.37455,0.92947,0.00121976,0.00121976,0.00121976
273,3756.89,0.45662,0.3339,0.9153,0.98327,0.94982,0.97832,0.84795,0.5029,0.34437,0.91669,0.00121811,0.00121811,0.00121811
274,3773.57,0.43563,0.32158,0.91297,0.9777,0.96252,0.9785,0.84139,0.49957,0.35141,0.90877,0.00121646,0.00121646,0.00121646
275,3785.16,0.43412,0.32534,0.914,0.98293,0.95008,0.97345,0.84912,0.51256,0.37504,0.95436,0.00121481,0.00121481,0.00121481
276,3801.74,0.43619,0.32708,0.91507,0.97172,0.96534,0.97959,0.83787,0.52314,0.3557,0.96057,0.00121316,0.00121316,0.00121316
277,3813.94,0.45319,0.32185,0.92011,0.95928,0.9661,0.9773,0.83398,0.52416,0.37888,0.92538,0.00121151,0.00121151,0.00121151
278,3825.98,0.46237,0.32759,0.92139,0.96613,0.96165,0.98039,0.84029,0.52535,0.37009,0.92232,0.00120986,0.00120986,0.00120986
279,3837.76,0.44797,0.33559,0.91259,0.97514,0.94694,0.98165,0.84745,0.50505,0.37504,0.90772,0.00120821,0.00120821,0.00120821
280,3850.55,0.4407,0.32325,0.91145,0.95696,0.96178,0.97848,0.84012,0.51203,0.35407,0.92167,0.00120656,0.00120656,0.00120656
281,3862.24,0.44583,0.31828,0.91172,0.97617,0.95022,0.97945,0.84575,0.5223,0.36493,0.92703,0.00120491,0.00120491,0.00120491
282,3872.61,0.43604,0.31317,0.91564,0.98075,0.95323,0.98173,0.84714,0.51282,0.35301,0.91507,0.00120326,0.00120326,0.00120326
283,3885.29,0.43727,0.31689,0.90613,0.96803,0.96387,0.97514,0.84374,0.50343,0.36891,0.91069,0.00120161,0.00120161,0.00120161
284,3898.16,0.44538,0.32561,0.90897,0.96922,0.95611,0.97362,0.83668,0.49669,0.35951,0.90405,0.00119996,0.00119996,0.00119996
285,3909.85,0.43303,0.31875,0.91367,0.98223,0.95563,0.97905,0.83836,0.50079,0.33936,0.8993,0.00119831,0.00119831,0.00119831
286,3923.16,0.45493,0.32927,0.916,0.97914,0.96253,0.97873,0.84079,0.51479,0.34532,0.91615,0.00119666,0.00119666,0.00119666
287,3936.19,0.45412,0.32657,0.92317,0.95521,0.96117,0.97658,0.83621,0.50571,0.35809,0.91589,0.00119501,0.00119501,0.00119501
288,3949.86,0.44784,0.32747,0.91522,0.97035,0.96652,0.97752,0.8344,0.52034,0.34133,0.94619,0.00119336,0.00119336,0.00119336
289,3966.85,0.44657,0.32893,0.90949,0.97761,0.95512,0.97603,0.84076,0.50845,0.36032,0.93538,0.0011917,0.0011917,0.0011917
290,3982.85,0.4585,0.32929,0.90861,0.97991,0.95798,0.98158,0.84305,0.50911,0.34031,0.91529,0.00119005,0.00119005,0.00119005
291,4000.62,0.43602,0.3225,0.90562,0.97475,0.95349,0.98159,0.83999,0.50459,0.36739,0.90917,0.0011884,0.0011884,0.0011884
292,4016.36,0.44254,0.3186,0.91818,0.98053,0.93975,0.97703,0.83725,0.50452,0.3857,0.89837,0.00118675,0.00118675,0.00118675
293,4033.44,0.43794,0.31103,0.90701,0.97155,0.95323,0.9765,0.82969,0.52526,0.36997,0.94731,0.0011851,0.0011851,0.0011851
294,4050.93,0.45251,0.32259,0.91987,0.95475,0.95863,0.97767,0.83413,0.50957,0.37841,0.92656,0.00118345,0.00118345,0.00118345
295,4066.69,0.43797,0.31919,0.90735,0.96695,0.94977,0.98062,0.82624,0.52635,0.37606,0.91962,0.0011818,0.0011818,0.0011818
296,4085.56,0.42865,0.30933,0.90464,0.95965,0.95487,0.98016,0.84359,0.51493,0.35097,0.93622,0.00118015,0.00118015,0.00118015
297,4097.35,0.44312,0.31861,0.91893,0.97285,0.9531,0.97663,0.83447,0.51868,0.37265,0.91424,0.0011785,0.0011785,0.0011785
298,4108.72,0.44138,0.31549,0.90037,0.96221,0.95161,0.97678,0.84198,0.50851,0.36807,0.91507,0.00117685,0.00117685,0.00117685
299,4122.57,0.42192,0.32283,0.90145,0.97202,0.95498,0.97555,0.83533,0.49363,0.35541,0.91455,0.0011752,0.0011752,0.0011752
300,4139.52,0.42871,0.31216,0.90507,0.96303,0.9514,0.97611,0.83512,0.49628,0.34696,0.91963,0.00117355,0.00117355,0.00117355
301,4155.8,0.43919,0.31785,0.91361,0.96502,0.9446,0.97349,0.83698,0.50609,0.37867,0.93497,0.0011719,0.0011719,0.0011719
302,4168.17,0.4286,0.31787,0.91171,0.97692,0.94302,0.97859,0.84679,0.49108,0.35371,0.9236,0.00117025,0.00117025,0.00117025
303,4183.83,0.42982,0.31429,0.92018,0.97945,0.95567,0.9827,0.84641,0.51441,0.36343,0.92197,0.0011686,0.0011686,0.0011686
304,4197.16,0.43995,0.31575,0.90795,0.98123,0.96567,0.98378,0.84833,0.50159,0.34484,0.91982,0.00116695,0.00116695,0.00116695
305,4211.29,0.42768,0.30945,0.89803,0.97561,0.96567,0.9821,0.85221,0.4939,0.3294,0.91146,0.0011653,0.0011653,0.0011653
306,4233.07,0.42599,0.31106,0.90366,0.97442,0.94995,0.98139,0.84574,0.50757,0.33623,0.93558,0.00116365,0.00116365,0.00116365
307,4246.9,0.43008,0.32491,0.9115,0.96138,0.9624,0.98104,0.85031,0.51295,0.36571,0.95309,0.001162,0.001162,0.001162
308,4262.14,0.43003,0.31445,0.91779,0.97572,0.95355,0.98227,0.83982,0.51103,0.34038,0.91515,0.00116035,0.00116035,0.00116035
309,4276.12,0.434,0.32347,0.91327,0.96835,0.96573,0.98345,0.84697,0.51044,0.35061,0.91851,0.0011587,0.0011587,0.0011587
310,4290.23,0.43967,0.32126,0.92405,0.97593,0.94863,0.98004,0.84353,0.49696,0.3607,0.90192,0.00115705,0.00115705,0.00115705
311,4303.1,0.44133,0.31975,0.91907,0.97648,0.96195,0.98131,0.85124,0.49495,0.3433,0.8986,0.0011554,0.0011554,0.0011554
312,4316.13,0.42742,0.30672,0.90944,0.97373,0.94519,0.98018,0.84332,0.50381,0.38432,0.92443,0.00115375,0.00115375,0.00115375
313,4331.16,0.43682,0.3154,0.91096,0.96068,0.96855,0.98077,0.84631,0.5056,0.35477,0.91781,0.0011521,0.0011521,0.0011521
314,4346.25,0.42957,0.30678,0.89528,0.96478,0.95045,0.97917,0.84857,0.50624,0.34839,0.91991,0.00115045,0.00115045,0.00115045
315,4361.57,0.42618,0.31699,0.88842,0.96749,0.95624,0.97933,0.84367,0.53839,0.36927,0.99361,0.0011488,0.0011488,0.0011488
316,4376.65,0.43287,0.31169,0.89393,0.94594,0.97183,0.98166,0.8507,0.50285,0.33994,0.93456,0.00114715,0.00114715,0.00114715
317,4392.02,0.42991,0.31076,0.9027,0.9719,0.95637,0.98181,0.84728,0.51376,0.34352,0.89627,0.0011455,0.0011455,0.0011455
318,4409.85,0.42867,0.31224,0.90736,0.9705,0.95504,0.97823,0.83825,0.49887,0.35545,0.8947,0.00114385,0.00114385,0.00114385
319,4426.89,0.44389,0.32558,0.92025,0.97278,0.95211,0.98103,0.84837,0.49588,0.34871,0.89597,0.0011422,0.0011422,0.0011422
320,4445.95,0.42901,0.31594,0.90343,0.97718,0.95208,0.98229,0.85378,0.49606,0.33687,0.90306,0.00114054,0.00114054,0.00114054
321,4471.14,0.41514,0.30469,0.89044,0.98254,0.95079,0.97786,0.84121,0.49583,0.3564,0.8968,0.00113889,0.00113889,0.00113889
322,4487.13,0.43377,0.30276,0.91249,0.96759,0.95673,0.98064,0.84362,0.49542,0.34659,0.91247,0.00113724,0.00113724,0.00113724
323,4502.06,0.41818,0.30787,0.90864,0.97543,0.95289,0.97698,0.8433,0.49452,0.35064,0.90361,0.00113559,0.00113559,0.00113559
324,4517.42,0.42926,0.31813,0.9089,0.96599,0.96142,0.97664,0.84636,0.50105,0.38345,0.9016,0.00113394,0.00113394,0.00113394
325,4533.14,0.42787,0.3151,0.90401,0.97104,0.96567,0.98091,0.84297,0.52104,0.35532,0.91367,0.00113229,0.00113229,0.00113229
326,4549.08,0.41591,0.31115,0.90103,0.96867,0.96507,0.97705,0.83971,0.50269,0.37986,0.89798,0.00113064,0.00113064,0.00113064
327,4566.36,0.42769,0.30982,0.91659,0.97233,0.95537,0.97971,0.84263,0.51007,0.38612,0.91664,0.00112899,0.00112899,0.00112899
328,4584.86,0.42084,0.30911,0.89589,0.97257,0.95624,0.97839,0.84476,0.49445,0.35544,0.91647,0.00112734,0.00112734,0.00112734
329,4599.04,0.4146,0.30358,0.89582,0.98423,0.94681,0.98147,0.85833,0.46872,0.34288,0.8952,0.00112569,0.00112569,0.00112569
330,4624.16,0.41837,0.31364,0.90405,0.98225,0.9531,0.98175,0.8431,0.51062,0.33218,0.9278,0.00112404,0.00112404,0.00112404
331,4641.19,0.41601,0.31067,0.89043,0.97331,0.96253,0.98006,0.83884,0.51138,0.32875,0.93784,0.00112239,0.00112239,0.00112239
332,4655.35,0.41519,0.30237,0.88877,0.96671,0.96567,0.98197,0.84701,0.49727,0.34469,0.89761,0.00112074,0.00112074,0.00112074
333,4666.42,0.41451,0.3022,0.89774,0.96695,0.95827,0.98096,0.8525,0.49584,0.35559,0.90123,0.00111909,0.00111909,0.00111909
334,4679.85,0.41782,0.30704,0.89988,0.97052,0.96314,0.98019,0.85216,0.5046,0.36058,0.9052,0.00111744,0.00111744,0.00111744
335,4691.72,0.40938,0.30045,0.89504,0.96791,0.96551,0.98083,0.84953,0.49314,0.36394,0.90619,0.00111579,0.00111579,0.00111579
336,4702.2,0.40242,0.29117,0.89902,0.97363,0.95444,0.97727,0.85009,0.48932,0.37578,0.90628,0.00111414,0.00111414,0.00111414
337,4712.67,0.41627,0.31243,0.89582,0.98428,0.94379,0.97666,0.84596,0.48764,0.35453,0.89459,0.00111249,0.00111249,0.00111249
338,4726.43,0.42251,0.30714,0.90153,0.97117,0.94945,0.97594,0.84992,0.48986,0.36529,0.90175,0.00111084,0.00111084,0.00111084
339,4739.75,0.43,0.31781,0.90823,0.97366,0.95343,0.97523,0.85244,0.4998,0.34205,0.90725,0.00110919,0.00110919,0.00110919
340,4752.6,0.41201,0.30468,0.89212,0.98049,0.95925,0.97789,0.8507,0.49906,0.34858,0.90925,0.00110754,0.00110754,0.00110754
341,4765.03,0.41553,0.29618,0.90368,0.96617,0.96082,0.97816,0.851,0.50466,0.34201,0.91763,0.00110589,0.00110589,0.00110589
342,4777.85,0.41497,0.30286,0.90351,0.96907,0.97183,0.9798,0.85312,0.49476,0.3399,0.88669,0.00110424,0.00110424,0.00110424
343,4790.22,0.41575,0.30028,0.88823,0.98012,0.95177,0.98195,0.85718,0.47754,0.33085,0.87918,0.00110259,0.00110259,0.00110259
344,4802.79,0.40752,0.29814,0.89856,0.97072,0.95734,0.97742,0.85117,0.47995,0.33754,0.87488,0.00110094,0.00110094,0.00110094
345,4815.06,0.42002,0.30324,0.89171,0.97248,0.95848,0.97821,0.84857,0.49156,0.35295,0.88179,0.00109929,0.00109929,0.00109929
346,4825.59,0.40352,0.30145,0.89088,0.95647,0.96775,0.97835,0.84523,0.49475,0.36692,0.90596,0.00109764,0.00109764,0.00109764
347,4835.95,0.40713,0.30335,0.89705,0.97676,0.94935,0.9805,0.85614,0.47813,0.36706,0.8855,0.00109599,0.00109599,0.00109599
348,4846.28,0.41773,0.32104,0.90387,0.97057,0.96149,0.98183,0.85032,0.50319,0.33282,0.93986,0.00109434,0.00109434,0.00109434
349,4856.74,0.40207,0.29878,0.89039,0.96912,0.9562,0.979,0.83862,0.51668,0.34984,0.93354,0.00109269,0.00109269,0.00109269
350,4870.18,0.407,0.29501,0.88839,0.96001,0.9643,0.97968,0.84361,0.49535,0.33182,0.90523,0.00109103,0.00109103,0.00109103
351,4882.86,0.40259,0.29102,0.89381,0.97771,0.95549,0.97832,0.85075,0.48236,0.33199,0.88732,0.00108938,0.00108938,0.00108938
352,4896.25,0.40673,0.29746,0.89499,0.97174,0.94831,0.97543,0.84253,0.48702,0.36476,0.8811,0.00108773,0.00108773,0.00108773
353,4909.94,0.41761,0.2984,0.88998,0.97621,0.94681,0.97729,0.84097,0.48562,0.35157,0.88135,0.00108608,0.00108608,0.00108608
354,4922.89,0.41096,0.30081,0.89308,0.9681,0.95579,0.97837,0.84993,0.48158,0.33525,0.88806,0.00108443,0.00108443,0.00108443
355,4934.87,0.41871,0.30332,0.8962,0.9752,0.95956,0.97981,0.85367,0.48156,0.31699,0.90296,0.00108278,0.00108278,0.00108278
356,4949.4,0.40971,0.2935,0.89669,0.98355,0.95488,0.97908,0.84928,0.49556,0.31538,0.90956,0.00108113,0.00108113,0.00108113
357,4966.32,0.4078,0.29724,0.89691,0.97198,0.95938,0.982,0.83857,0.49734,0.32449,0.91056,0.00107948,0.00107948,0.00107948
358,4979.9,0.41027,0.29454,0.90372,0.97659,0.9543,0.98184,0.83846,0.491,0.33523,0.89749,0.00107783,0.00107783,0.00107783
359,4990.42,0.41192,0.30136,0.89239,0.97857,0.96869,0.98283,0.85036,0.48698,0.33614,0.89743,0.00107618,0.00107618,0.00107618
360,5000.84,0.39332,0.29526,0.88733,0.97042,0.9624,0.98075,0.8432,0.47996,0.34244,0.88287,0.00107453,0.00107453,0.00107453
361,5011.31,0.40318,0.30833,0.89705,0.98115,0.94995,0.98121,0.8516,0.482,0.34636,0.88147,0.00107288,0.00107288,0.00107288
362,5025.29,0.40894,0.29938,0.89959,0.97744,0.96442,0.98001,0.85002,0.50074,0.34061,0.9122,0.00107123,0.00107123,0.00107123
363,5041.74,0.41597,0.30273,0.89576,0.96412,0.95241,0.9804,0.8453,0.4961,0.33701,0.9041,0.00106958,0.00106958,0.00106958
364,5056.95,0.40642,0.2934,0.8896,0.97854,0.94109,0.97865,0.84762,0.48406,0.36503,0.89948,0.00106793,0.00106793,0.00106793
365,5069.59,0.40804,0.29427,0.89919,0.97676,0.95206,0.97721,0.8537,0.4976,0.36157,0.91422,0.00106628,0.00106628,0.00106628
366,5082.37,0.40445,0.29044,0.88782,0.97882,0.95147,0.97771,0.84838,0.49785,0.37262,0.90221,0.00106463,0.00106463,0.00106463
367,5094.98,0.39527,0.28627,0.88977,0.97012,0.95745,0.97781,0.84051,0.49741,0.36379,0.89568,0.00106298,0.00106298,0.00106298
368,5106.79,0.40505,0.30214,0.89708,0.97506,0.95611,0.97818,0.84625,0.49076,0.35895,0.89982,0.00106133,0.00106133,0.00106133
369,5119.47,0.39217,0.28358,0.88476,0.97417,0.96554,0.98081,0.84542,0.50224,0.34215,0.91314,0.00105968,0.00105968,0.00105968
370,5132.86,0.40623,0.28554,0.89279,0.97668,0.95866,0.982,0.8487,0.49383,0.345,0.9058,0.00105803,0.00105803,0.00105803
371,5145.91,0.4092,0.30134,0.89792,0.96794,0.95647,0.98184,0.85535,0.48225,0.3462,0.90414,0.00105638,0.00105638,0.00105638
372,5159.69,0.41551,0.30666,0.89513,0.96258,0.95995,0.97813,0.85087,0.50153,0.37013,0.91222,0.00105473,0.00105473,0.00105473
373,5172.83,0.4042,0.29262,0.89919,0.95782,0.96731,0.98165,0.85236,0.49532,0.3424,0.89041,0.00105308,0.00105308,0.00105308
374,5184.3,0.41056,0.30119,0.89444,0.97921,0.96676,0.98101,0.84916,0.51124,0.35967,0.89378,0.00105143,0.00105143,0.00105143
375,5197.53,0.4096,0.28778,0.8898,0.97635,0.96166,0.98172,0.84493,0.51707,0.34517,0.90992,0.00104978,0.00104978,0.00104978
376,5212.79,0.40016,0.28806,0.88582,0.97292,0.96976,0.98117,0.85137,0.51547,0.33774,0.91831,0.00104813,0.00104813,0.00104813
377,5228.02,0.38143,0.28245,0.88278,0.98415,0.9592,0.98076,0.85863,0.49931,0.33317,0.92135,0.00104648,0.00104648,0.00104648
378,5243.18,0.40567,0.29034,0.88941,0.98154,0.96567,0.98204,0.85612,0.51386,0.32966,0.89885,0.00104483,0.00104483,0.00104483
379,5254.58,0.40132,0.29407,0.90166,0.98216,0.95823,0.98404,0.85209,0.48872,0.32548,0.89304,0.00104318,0.00104318,0.00104318
380,5266.74,0.41508,0.29471,0.89858,0.98357,0.9535,0.98234,0.85136,0.49688,0.32912,0.91321,0.00104152,0.00104152,0.00104152
381,5278.51,0.39931,0.28473,0.88743,0.97261,0.95962,0.97694,0.84083,0.52257,0.36403,0.93584,0.00103987,0.00103987,0.00103987
382,5291.18,0.40592,0.29569,0.89642,0.97073,0.95803,0.97725,0.84562,0.5121,0.33861,0.92889,0.00103822,0.00103822,0.00103822
383,5302.53,0.3942,0.2946,0.87875,0.96783,0.9502,0.97332,0.83922,0.5109,0.34902,0.92694,0.00103657,0.00103657,0.00103657
384,5315.85,0.40892,0.29337,0.90091,0.97115,0.95808,0.97531,0.85134,0.49611,0.32895,0.93048,0.00103492,0.00103492,0.00103492
385,5326.97,0.41335,0.29537,0.89766,0.97805,0.9544,0.97628,0.8502,0.49179,0.32831,0.92385,0.00103327,0.00103327,0.00103327
386,5338.71,0.39546,0.28407,0.87969,0.96956,0.95961,0.97633,0.85392,0.49671,0.32719,0.92043,0.00103162,0.00103162,0.00103162
387,5351.22,0.3986,0.28978,0.88706,0.96737,0.95708,0.97585,0.85042,0.497,0.3446,0.90336,0.00102997,0.00102997,0.00102997
388,5365.34,0.38721,0.28345,0.87684,0.95772,0.95938,0.97589,0.84552,0.50312,0.35066,0.91181,0.00102832,0.00102832,0.00102832
389,5377.44,0.39502,0.28376,0.89212,0.96644,0.9527,0.97743,0.84461,0.4967,0.37288,0.88648,0.00102667,0.00102667,0.00102667
390,5391.03,0.40006,0.28278,0.88693,0.97968,0.94581,0.98018,0.85266,0.49894,0.35356,0.89117,0.00102502,0.00102502,0.00102502
391,5404.33,0.39294,0.27863,0.88773,0.9768,0.94242,0.97995,0.85413,0.50199,0.34873,0.90916,0.00102337,0.00102337,0.00102337
392,5416.69,0.39786,0.28701,0.90013,0.9667,0.95404,0.97845,0.85263,0.49285,0.33874,0.90712,0.00102172,0.00102172,0.00102172
393,5429.5,0.39096,0.28368,0.88089,0.97288,0.94853,0.97987,0.85191,0.48767,0.34688,0.89586,0.00102007,0.00102007,0.00102007
394,5441.25,0.38814,0.28107,0.88133,0.96823,0.94301,0.9795,0.85467,0.4907,0.35522,0.89683,0.00101842,0.00101842,0.00101842
395,5455,0.38722,0.28317,0.88031,0.98125,0.93916,0.97948,0.85212,0.49647,0.35699,0.90448,0.00101677,0.00101677,0.00101677
396,5470.04,0.38564,0.28443,0.88221,0.9788,0.94366,0.97882,0.84766,0.48677,0.33669,0.89437,0.00101512,0.00101512,0.00101512
397,5483.82,0.3839,0.27541,0.88538,0.98128,0.95196,0.97963,0.84956,0.48578,0.35149,0.87462,0.00101347,0.00101347,0.00101347
398,5499.52,0.39409,0.28774,0.89292,0.98366,0.95296,0.98098,0.8549,0.4893,0.33848,0.87965,0.00101182,0.00101182,0.00101182
399,5513.87,0.39465,0.29211,0.89435,0.96844,0.95938,0.98077,0.86056,0.49353,0.33721,0.91021,0.00101017,0.00101017,0.00101017
400,5538.31,0.38512,0.2873,0.88574,0.97456,0.95414,0.97692,0.85101,0.51284,0.34162,0.96016,0.00100852,0.00100852,0.00100852
401,5554.51,0.38891,0.28559,0.88126,0.97098,0.95557,0.98071,0.84768,0.4967,0.36057,0.89442,0.00100687,0.00100687,0.00100687
402,5569.35,0.39333,0.28219,0.87882,0.9754,0.95296,0.98236,0.85726,0.48692,0.35867,0.89175,0.00100522,0.00100522,0.00100522
403,5580.39,0.38626,0.28247,0.87436,0.9756,0.95007,0.9819,0.85518,0.48403,0.34137,0.88463,0.00100357,0.00100357,0.00100357
404,5591.41,0.38484,0.27744,0.88335,0.9728,0.95163,0.97974,0.85603,0.48858,0.33496,0.88118,0.00100192,0.00100192,0.00100192
405,5603.69,0.38996,0.28649,0.88115,0.97884,0.94366,0.97999,0.85439,0.4982,0.33959,0.89088,0.00100027,0.00100027,0.00100027
406,5618.09,0.39384,0.28598,0.88388,0.9715,0.95925,0.9816,0.85053,0.49516,0.32673,0.89356,0.000998616,0.000998616,0.000998616
407,5632.12,0.40986,0.28877,0.90074,0.97454,0.96348,0.98024,0.84811,0.48828,0.32015,0.8814,0.000996966,0.000996966,0.000996966
408,5643.86,0.39638,0.2909,0.88055,0.9614,0.95853,0.979,0.85064,0.49162,0.33338,0.89013,0.000995316,0.000995316,0.000995316
409,5654.57,0.38049,0.27148,0.87427,0.96541,0.95951,0.98147,0.85423,0.50669,0.33221,0.93875,0.000993665,0.000993665,0.000993665
410,5665.28,0.37866,0.27679,0.88042,0.96758,0.97376,0.98214,0.85284,0.48978,0.3177,0.90109,0.000992015,0.000992015,0.000992015
411,5680.85,0.38885,0.28404,0.8863,0.95447,0.96689,0.98171,0.85116,0.47862,0.31755,0.88733,0.000990365,0.000990365,0.000990365
412,5693.15,0.39607,0.28881,0.88068,0.97936,0.95191,0.98228,0.84417,0.48754,0.32131,0.886,0.000988714,0.000988714,0.000988714
413,5706.79,0.38833,0.28151,0.88444,0.97817,0.96425,0.98085,0.84716,0.49711,0.31656,0.90184,0.000987064,0.000987064,0.000987064
414,5717.65,0.39259,0.28458,0.87651,0.98126,0.96851,0.98369,0.85751,0.49092,0.31037,0.89771,0.000985414,0.000985414,0.000985414
415,5730.87,0.37123,0.27659,0.87626,0.97446,0.96855,0.98341,0.85898,0.48216,0.32427,0.88871,0.000983763,0.000983763,0.000983763
416,5742.95,0.37026,0.26507,0.88342,0.98007,0.95919,0.98533,0.85259,0.4836,0.30994,0.87544,0.000982113,0.000982113,0.000982113
417,5755.54,0.38236,0.2764,0.88496,0.98488,0.96643,0.98238,0.8568,0.48625,0.30498,0.87959,0.000980463,0.000980463,0.000980463
418,5766.57,0.37845,0.28725,0.88413,0.97772,0.96275,0.98152,0.86037,0.48739,0.30559,0.88171,0.000978812,0.000978812,0.000978812
419,5779.25,0.39325,0.28673,0.88523,0.9762,0.96699,0.98296,0.85549,0.49737,0.30837,0.91268,0.000977162,0.000977162,0.000977162
420,5792.05,0.38907,0.28133,0.8867,0.9679,0.95515,0.9776,0.85317,0.49519,0.32728,0.91899,0.000975512,0.000975512,0.000975512
421,5803.23,0.379,0.27949,0.87824,0.96607,0.96253,0.9798,0.85383,0.49572,0.31869,0.92016,0.000973861,0.000973861,0.000973861
422,5815.12,0.39394,0.29239,0.89213,0.97847,0.95855,0.98049,0.85283,0.49801,0.32035,0.90104,0.000972211,0.000972211,0.000972211
423,5827.44,0.39058,0.28751,0.89232,0.98271,0.95624,0.98208,0.846,0.49363,0.33636,0.87598,0.000970561,0.000970561,0.000970561
424,5838.31,0.38123,0.27534,0.88102,0.96705,0.96492,0.98396,0.84474,0.50149,0.34406,0.89309,0.00096891,0.00096891,0.00096891
425,5849.23,0.38237,0.27953,0.88692,0.96637,0.96855,0.98199,0.84674,0.48891,0.35298,0.88163,0.00096726,0.00096726,0.00096726
426,5859.92,0.39242,0.28287,0.88296,0.97819,0.95898,0.97795,0.84826,0.48502,0.3227,0.88252,0.00096561,0.00096561,0.00096561
427,5870.63,0.38013,0.28745,0.87842,0.96877,0.96554,0.98104,0.85209,0.47971,0.32897,0.8887,0.000963959,0.000963959,0.000963959
428,5881.35,0.38358,0.29091,0.88964,0.96965,0.96348,0.9796,0.85066,0.48208,0.34381,0.90442,0.000962309,0.000962309,0.000962309
429,5892.18,0.3953,0.28749,0.89167,0.97402,0.9531,0.98088,0.84455,0.49053,0.33526,0.88809,0.000960659,0.000960659,0.000960659
430,5905.11,0.38678,0.28734,0.87804,0.96931,0.95938,0.98303,0.84916,0.48907,0.30647,0.88606,0.000959008,0.000959008,0.000959008
431,5916.97,0.38508,0.28138,0.88719,0.97145,0.96623,0.98399,0.84704,0.49633,0.30175,0.90084,0.000957358,0.000957358,0.000957358
432,5931.74,0.38913,0.2781,0.87788,0.97007,0.95804,0.98205,0.84735,0.49277,0.31725,0.89857,0.000955708,0.000955708,0.000955708
433,5943.72,0.38269,0.27674,0.8875,0.96516,0.95008,0.97936,0.84803,0.48912,0.34625,0.89157,0.000954057,0.000954057,0.000954057
434,5954.65,0.38532,0.28058,0.89082,0.96294,0.96194,0.98394,0.84952,0.49577,0.32214,0.90561,0.000952407,0.000952407,0.000952407
435,5967.31,0.3791,0.27284,0.88211,0.96813,0.96711,0.98083,0.85344,0.49189,0.31978,0.91331,0.000950757,0.000950757,0.000950757
436,5978.29,0.38489,0.29322,0.8754,0.97179,0.96567,0.98128,0.85827,0.49623,0.31797,0.95851,0.000949106,0.000949106,0.000949106
437,5990.36,0.38075,0.27416,0.88103,0.96503,0.95985,0.98106,0.85455,0.49561,0.32912,0.92916,0.000947456,0.000947456,0.000947456
438,6001.73,0.39116,0.28235,0.88146,0.96158,0.95746,0.98058,0.85437,0.49094,0.32632,0.91069,0.000945806,0.000945806,0.000945806
439,6013.93,0.38095,0.27485,0.88225,0.98013,0.95624,0.98214,0.85271,0.47842,0.3174,0.87886,0.000944155,0.000944155,0.000944155
440,6025.48,0.38076,0.27406,0.8799,0.97702,0.9531,0.98222,0.85488,0.48344,0.31533,0.88389,0.000942505,0.000942505,0.000942505
441,6036.67,0.3798,0.27223,0.88191,0.97345,0.97498,0.98183,0.85037,0.48127,0.31738,0.87712,0.000940855,0.000940855,0.000940855
442,6048.15,0.38071,0.2825,0.87832,0.97989,0.97183,0.98139,0.85394,0.46836,0.3139,0.87509,0.000939204,0.000939204,0.000939204
443,6059.41,0.3877,0.27932,0.88856,0.97665,0.96399,0.98287,0.85504,0.48563,0.3054,0.91508,0.000937554,0.000937554,0.000937554
444,6070.2,0.3873,0.28077,0.8872,0.96285,0.9662,0.98153,0.85471,0.48637,0.31407,0.90651,0.000935904,0.000935904,0.000935904
445,6081.2,0.38563,0.2752,0.87424,0.9697,0.96882,0.98107,0.84872,0.49045,0.32763,0.89449,0.000934253,0.000934253,0.000934253
446,6092.13,0.38104,0.27631,0.88148,0.9698,0.97013,0.97994,0.84589,0.48886,0.31308,0.8968,0.000932603,0.000932603,0.000932603
447,6102.92,0.39042,0.28232,0.89375,0.97829,0.95881,0.98158,0.85224,0.48353,0.3128,0.91529,0.000930953,0.000930953,0.000930953
448,6113.73,0.37877,0.28052,0.87642,0.96826,0.97105,0.98396,0.85224,0.47916,0.32105,0.90606,0.000929302,0.000929302,0.000929302
449,6124.31,0.3724,0.27547,0.87694,0.9679,0.96931,0.98374,0.85232,0.48577,0.31563,0.92081,0.000927652,0.000927652,0.000927652
450,6135.17,0.39387,0.28049,0.88253,0.96429,0.96567,0.98448,0.85541,0.48326,0.31306,0.90852,0.000926002,0.000926002,0.000926002
451,6145.92,0.36639,0.27347,0.87413,0.95487,0.97799,0.98384,0.85538,0.47564,0.30888,0.8815,0.000924352,0.000924352,0.000924352
452,6159.94,0.37511,0.27539,0.87239,0.97342,0.96397,0.98253,0.85089,0.48446,0.32809,0.9097,0.000922701,0.000922701,0.000922701
453,6173.27,0.38385,0.27563,0.88155,0.97615,0.95725,0.98345,0.85628,0.48434,0.32704,0.92205,0.000921051,0.000921051,0.000921051
454,6187.4,0.36909,0.26702,0.87911,0.97518,0.9617,0.98325,0.85386,0.4814,0.31585,0.90542,0.000919401,0.000919401,0.000919401
455,6198.3,0.37602,0.27071,0.87428,0.97304,0.95938,0.98359,0.85808,0.48084,0.31962,0.90629,0.00091775,0.00091775,0.00091775
456,6210.34,0.36994,0.27965,0.87329,0.97469,0.9714,0.98378,0.85539,0.47268,0.30823,0.89004,0.0009161,0.0009161,0.0009161
457,6222.79,0.37131,0.26736,0.882,0.97176,0.96756,0.98115,0.85726,0.4744,0.31114,0.88635,0.00091445,0.00091445,0.00091445
458,6233.66,0.37195,0.26878,0.87798,0.97262,0.96747,0.98363,0.85572,0.47463,0.31683,0.87937,0.000912799,0.000912799,0.000912799
459,6246.25,0.36667,0.26485,0.87556,0.97018,0.96798,0.98485,0.86006,0.46635,0.32637,0.87511,0.000911149,0.000911149,0.000911149
460,6257.61,0.36025,0.26655,0.87792,0.96368,0.97072,0.98646,0.86254,0.46794,0.31899,0.87834,0.000909499,0.000909499,0.000909499
461,6273.17,0.37549,0.26393,0.88079,0.96984,0.96692,0.98479,0.85655,0.47596,0.30979,0.89658,0.000907848,0.000907848,0.000907848
462,6284.53,0.37843,0.2749,0.87947,0.98125,0.956,0.98141,0.8566,0.48596,0.31636,0.90775,0.000906198,0.000906198,0.000906198
463,6295.79,0.37236,0.27118,0.87754,0.9687,0.96201,0.98386,0.85709,0.47527,0.32118,0.87893,0.000904548,0.000904548,0.000904548
464,6307.08,0.36139,0.26651,0.87025,0.97213,0.96162,0.98454,0.86057,0.4754,0.32446,0.87872,0.000902897,0.000902897,0.000902897
465,6318.21,0.36819,0.27293,0.87966,0.97941,0.95938,0.9835,0.85356,0.48048,0.32706,0.87863,0.000901247,0.000901247,0.000901247
466,6329.02,0.37208,0.27211,0.87833,0.9728,0.96882,0.9837,0.86084,0.47162,0.33089,0.87029,0.000899597,0.000899597,0.000899597
467,6339.89,0.36289,0.26,0.87483,0.98089,0.95252,0.98263,0.85966,0.47352,0.33118,0.88808,0.000897946,0.000897946,0.000897946
468,6351.15,0.36397,0.26365,0.87002,0.97359,0.96199,0.98319,0.85785,0.4843,0.3423,0.89051,0.000896296,0.000896296,0.000896296
469,6362.12,0.36385,0.26083,0.86491,0.98261,0.95537,0.98373,0.85518,0.49028,0.32522,0.89587,0.000894646,0.000894646,0.000894646
470,6373.33,0.37863,0.27318,0.87043,0.97092,0.97054,0.98391,0.85998,0.48796,0.31191,0.91073,0.000892995,0.000892995,0.000892995
471,6384.42,0.36945,0.26036,0.87784,0.98322,0.95046,0.98278,0.85691,0.47474,0.32481,0.89205,0.000891345,0.000891345,0.000891345
472,6395.87,0.37748,0.27143,0.87769,0.98025,0.96227,0.98181,0.86172,0.48284,0.34743,0.90344,0.000889695,0.000889695,0.000889695
473,6406.55,0.37162,0.26648,0.86865,0.97312,0.9583,0.98045,0.8595,0.48854,0.34741,0.91325,0.000888044,0.000888044,0.000888044
474,6417.46,0.37287,0.27328,0.88636,0.97394,0.97013,0.98381,0.86361,0.48338,0.33258,0.89991,0.000886394,0.000886394,0.000886394
475,6430.9,0.3686,0.26518,0.87735,0.98189,0.95698,0.9834,0.86293,0.47683,0.31101,0.90278,0.000884744,0.000884744,0.000884744
476,6441.8,0.36965,0.27098,0.87201,0.97675,0.9624,0.98056,0.85933,0.47148,0.334,0.88574,0.000883093,0.000883093,0.000883093
477,6452.9,0.35945,0.26664,0.87017,0.97358,0.95918,0.98105,0.85859,0.47617,0.32173,0.90944,0.000881443,0.000881443,0.000881443
478,6465.62,0.38007,0.26625,0.87998,0.96364,0.96515,0.98041,0.85843,0.47845,0.32817,0.9049,0.000879793,0.000879793,0.000879793
479,6476.64,0.36902,0.26209,0.88148,0.97895,0.94997,0.98079,0.85339,0.48568,0.319,0.89735,0.000878142,0.000878142,0.000878142
480,6487.96,0.37144,0.27084,0.88576,0.96801,0.9624,0.98073,0.8498,0.48449,0.31592,0.89113,0.000876492,0.000876492,0.000876492
481,6499.15,0.36864,0.26906,0.87654,0.98143,0.95396,0.98023,0.8511,0.48175,0.30655,0.9031,0.000874842,0.000874842,0.000874842
482,6510.74,0.35358,0.25963,0.86833,0.97802,0.96567,0.97977,0.85212,0.48705,0.29941,0.90718,0.000873191,0.000873191,0.000873191
483,6523.32,0.35924,0.25906,0.87588,0.97962,0.96869,0.98145,0.85355,0.48211,0.2965,0.90474,0.000871541,0.000871541,0.000871541
484,6536.28,0.3614,0.26691,0.88205,0.9854,0.95778,0.98043,0.85279,0.47499,0.29744,0.90432,0.000869891,0.000869891,0.000869891
485,6548.82,0.35852,0.25743,0.873,0.98274,0.95323,0.97957,0.85353,0.4764,0.3013,0.89762,0.00086824,0.00086824,0.00086824
486,6562.8,0.36673,0.26738,0.87543,0.97199,0.96715,0.98069,0.85496,0.48112,0.29791,0.90063,0.00086659,0.00086659,0.00086659
487,6575.52,0.36666,0.26496,0.8734,0.97983,0.95541,0.98074,0.85396,0.48406,0.29912,0.90271,0.00086494,0.00086494,0.00086494
488,6591.62,0.36828,0.27077,0.8775,0.97743,0.95923,0.98099,0.8527,0.48758,0.29916,0.9076,0.000863289,0.000863289,0.000863289
489,6606.55,0.36196,0.26767,0.88194,0.96925,0.96142,0.98083,0.85575,0.4767,0.29352,0.9049,0.000861639,0.000861639,0.000861639
490,6622.35,0.3582,0.26081,0.87569,0.96576,0.96756,0.9808,0.85428,0.47566,0.29422,0.90567,0.000859989,0.000859989,0.000859989
491,6637.64,0.36074,0.2605,0.86255,0.95881,0.96721,0.98156,0.85853,0.47551,0.29823,0.89522,0.000858338,0.000858338,0.000858338
492,6651.93,0.36398,0.26361,0.8686,0.96351,0.97135,0.98224,0.85834,0.47383,0.30167,0.89611,0.000856688,0.000856688,0.000856688
493,6665.91,0.35829,0.26112,0.86771,0.96612,0.97498,0.98235,0.85814,0.46904,0.31512,0.87471,0.000855038,0.000855038,0.000855038
494,6681.86,0.35465,0.25968,0.86425,0.97618,0.95938,0.9815,0.86236,0.4737,0.3096,0.90218,0.000853387,0.000853387,0.000853387
495,6696.44,0.34837,0.2566,0.86086,0.97212,0.96866,0.98135,0.86004,0.46825,0.31892,0.8929,0.000851737,0.000851737,0.000851737
496,6711.81,0.3501,0.25534,0.85696,0.97503,0.96567,0.98265,0.85763,0.47704,0.30542,0.91024,0.000850087,0.000850087,0.000850087
497,6729.04,0.36072,0.27306,0.87637,0.97851,0.95901,0.98219,0.85659,0.47566,0.30146,0.88324,0.000848436,0.000848436,0.000848436
498,6745.2,0.35947,0.2643,0.88308,0.96871,0.96266,0.98231,0.85565,0.47479,0.30619,0.87948,0.000846786,0.000846786,0.000846786
499,6758.22,0.36597,0.26984,0.87445,0.97223,0.96266,0.98063,0.8534,0.48248,0.29239,0.9,0.000845136,0.000845136,0.000845136
500,6773.52,0.35855,0.26287,0.87685,0.97721,0.95637,0.98071,0.85806,0.47528,0.28899,0.89732,0.000843485,0.000843485,0.000843485
501,6788.77,0.36137,0.25779,0.86844,0.9635,0.96581,0.98105,0.86113,0.47694,0.30069,0.88742,0.000841835,0.000841835,0.000841835
502,6804.76,0.36025,0.25997,0.86318,0.97269,0.96123,0.98102,0.85737,0.47159,0.29616,0.87272,0.000840185,0.000840185,0.000840185
503,6819.3,0.3571,0.2625,0.8639,0.96583,0.9671,0.97999,0.85898,0.47608,0.29008,0.88058,0.000838534,0.000838534,0.000838534
504,6835.64,0.35985,0.26364,0.86414,0.96793,0.96266,0.98019,0.85689,0.47698,0.30615,0.88285,0.000836884,0.000836884,0.000836884
505,6850.72,0.36403,0.26528,0.87067,0.96951,0.95471,0.97973,0.8578,0.4784,0.31956,0.89309,0.000835234,0.000835234,0.000835234
506,6866.16,0.35818,0.26168,0.87463,0.96634,0.95952,0.98095,0.85687,0.48243,0.33074,0.89936,0.000833583,0.000833583,0.000833583
507,6880.36,0.36267,0.26299,0.87145,0.97562,0.95427,0.98073,0.85412,0.47757,0.32308,0.88128,0.000831933,0.000831933,0.000831933
508,6895.69,0.3635,0.26745,0.86953,0.96626,0.95912,0.97932,0.85547,0.47252,0.3032,0.89255,0.000830283,0.000830283,0.000830283
509,6911.36,0.35042,0.26078,0.86682,0.9716,0.9578,0.98021,0.85287,0.47476,0.3009,0.89821,0.000828632,0.000828632,0.000828632
510,6922.14,0.35571,0.25964,0.85956,0.97233,0.95624,0.97783,0.85252,0.47522,0.2992,0.89776,0.000826982,0.000826982,0.000826982
511,6932.74,0.36171,0.25593,0.87801,0.97809,0.95733,0.98184,0.8526,0.47774,0.30232,0.89205,0.000825332,0.000825332,0.000825332
512,6943.77,0.35414,0.25679,0.87273,0.97793,0.9624,0.97981,0.85301,0.48635,0.3065,0.89432,0.000823681,0.000823681,0.000823681
513,6954.63,0.35961,0.25644,0.8747,0.97971,0.96008,0.98231,0.8555,0.48318,0.29908,0.89167,0.000822031,0.000822031,0.000822031
514,6968.1,0.36178,0.26152,0.8794,0.96891,0.96411,0.98124,0.86019,0.48251,0.28833,0.89557,0.000820381,0.000820381,0.000820381
515,6980.6,0.35456,0.2543,0.87541,0.97222,0.96491,0.98314,0.85689,0.48615,0.29407,0.8967,0.00081873,0.00081873,0.00081873
516,6995.34,0.35117,0.26077,0.87313,0.95573,0.97602,0.98304,0.85279,0.48716,0.29823,0.89692,0.00081708,0.00081708,0.00081708
517,7006.11,0.34955,0.25703,0.87087,0.97017,0.96016,0.98296,0.85633,0.48902,0.3244,0.90425,0.00081543,0.00081543,0.00081543
518,7017.62,0.36595,0.25644,0.8779,0.95847,0.96882,0.98128,0.85758,0.48473,0.33412,0.90508,0.000813779,0.000813779,0.000813779
519,7031.12,0.34791,0.25493,0.8764,0.96032,0.96295,0.98243,0.86091,0.48386,0.3466,0.89582,0.000812129,0.000812129,0.000812129
520,7043.31,0.34457,0.25706,0.86949,0.97969,0.96155,0.98409,0.86099,0.48844,0.32693,0.89405,0.000810479,0.000810479,0.000810479
521,7053.96,0.36145,0.25237,0.87613,0.97984,0.97064,0.98451,0.85717,0.48432,0.30571,0.88793,0.000808828,0.000808828,0.000808828
522,7066.59,0.34715,0.25253,0.87057,0.96834,0.97183,0.98274,0.85598,0.47884,0.31027,0.87288,0.000807178,0.000807178,0.000807178
523,7077.51,0.35499,0.25476,0.87289,0.97581,0.96732,0.98263,0.85571,0.48533,0.3214,0.87759,0.000805528,0.000805528,0.000805528
524,7089.43,0.34535,0.24926,0.86724,0.97359,0.97094,0.98226,0.85919,0.48227,0.31976,0.88036,0.000803877,0.000803877,0.000803877
525,7099.99,0.34927,0.25936,0.8756,0.97278,0.96567,0.98182,0.85584,0.48591,0.3258,0.88759,0.000802227,0.000802227,0.000802227
526,7112.92,0.35404,0.25865,0.88031,0.97758,0.95298,0.98148,0.85893,0.48032,0.32285,0.89456,0.000800577,0.000800577,0.000800577
527,7124.08,0.34608,0.25628,0.8647,0.97763,0.9531,0.9808,0.85359,0.47965,0.32988,0.89571,0.000798926,0.000798926,0.000798926
528,7136.34,0.35178,0.25371,0.86566,0.97064,0.95789,0.97867,0.85097,0.47692,0.33185,0.89127,0.000797276,0.000797276,0.000797276
529,7148.75,0.33559,0.24952,0.85357,0.96942,0.96253,0.97705,0.85158,0.47978,0.32736,0.8951,0.000795626,0.000795626,0.000795626
530,7159.26,0.34962,0.25683,0.85739,0.97239,0.94995,0.97872,0.85279,0.48233,0.34003,0.8987,0.000793975,0.000793975,0.000793975
531,7170.71,0.35316,0.25171,0.87569,0.97399,0.94944,0.97938,0.85829,0.47438,0.32869,0.89273,0.000792325,0.000792325,0.000792325
532,7181.98,0.35782,0.25983,0.85832,0.97608,0.9513,0.97941,0.85839,0.4745,0.32306,0.89833,0.000790675,0.000790675,0.000790675
533,7193.28,0.35113,0.25261,0.87058,0.97446,0.94995,0.97768,0.85621,0.47451,0.32349,0.89899,0.000789024,0.000789024,0.000789024
534,7203.75,0.35074,0.25547,0.87615,0.97382,0.95247,0.97645,0.85602,0.47502,0.32382,0.89979,0.000787374,0.000787374,0.000787374
535,7214.18,0.35234,0.25712,0.86185,0.98358,0.94676,0.9792,0.85708,0.47812,0.31629,0.90101,0.000785724,0.000785724,0.000785724
536,7224.58,0.34455,0.25257,0.86742,0.97144,0.95624,0.97862,0.85673,0.47152,0.30533,0.88146,0.000784073,0.000784073,0.000784073
537,7235.51,0.33964,0.25994,0.86473,0.97487,0.96519,0.98272,0.8555,0.47513,0.307,0.88006,0.000782423,0.000782423,0.000782423
538,7246.42,0.33957,0.25514,0.86015,0.9722,0.9624,0.98183,0.85542,0.47217,0.31345,0.87882,0.000780773,0.000780773,0.000780773
539,7256.82,0.33528,0.24869,0.86679,0.9749,0.95856,0.97918,0.85671,0.46785,0.30653,0.87221,0.000779122,0.000779122,0.000779122
540,7270.98,0.35003,0.25739,0.87597,0.97726,0.95938,0.9799,0.85819,0.47284,0.31032,0.87645,0.000777472,0.000777472,0.000777472
541,7283.75,0.35173,0.25757,0.86463,0.97946,0.95938,0.9803,0.85769,0.47941,0.3191,0.89384,0.000775822,0.000775822,0.000775822
542,7295.38,0.34915,0.25803,0.86839,0.97799,0.95938,0.98189,0.85632,0.48457,0.3054,0.92692,0.000774171,0.000774171,0.000774171
543,7306.33,0.35089,0.2536,0.86636,0.97509,0.96154,0.98228,0.85688,0.48264,0.3039,0.90991,0.000772521,0.000772521,0.000772521
544,7320.23,0.35896,0.25992,0.87875,0.98308,0.95938,0.98055,0.85527,0.4796,0.30022,0.89129,0.000770871,0.000770871,0.000770871
545,7332.58,0.3474,0.2495,0.87754,0.97828,0.96281,0.98209,0.85531,0.47163,0.30271,0.87935,0.00076922,0.00076922,0.00076922
546,7343.82,0.34948,0.2532,0.87243,0.98036,0.95375,0.97894,0.85917,0.47192,0.29833,0.88013,0.00076757,0.00076757,0.00076757
547,7354.39,0.35007,0.25018,0.85859,0.9786,0.95322,0.97973,0.85573,0.47553,0.2961,0.8915,0.00076592,0.00076592,0.00076592
548,7366.67,0.36271,0.26022,0.88341,0.97836,0.95056,0.98195,0.85873,0.48309,0.29133,0.90254,0.000764269,0.000764269,0.000764269
549,7378.81,0.34256,0.25308,0.85665,0.98131,0.95007,0.97984,0.85801,0.47813,0.30104,0.8886,0.000762619,0.000762619,0.000762619
550,7391,0.34592,0.25188,0.86098,0.972,0.95323,0.98061,0.85695,0.48096,0.31701,0.88716,0.000760969,0.000760969,0.000760969
551,7403.13,0.3519,0.25405,0.87658,0.96639,0.95748,0.98081,0.86095,0.47832,0.32093,0.89226,0.000759318,0.000759318,0.000759318
552,7413.88,0.34065,0.25209,0.87225,0.96917,0.96149,0.98137,0.85651,0.47687,0.31848,0.88616,0.000757668,0.000757668,0.000757668
553,7424.5,0.34816,0.25293,0.85922,0.96924,0.96407,0.98167,0.85791,0.47875,0.31878,0.88556,0.000756018,0.000756018,0.000756018
554,7435.63,0.35847,0.25348,0.87515,0.9693,0.95624,0.98035,0.86755,0.47005,0.30705,0.87613,0.000754368,0.000754368,0.000754368
555,7450.84,0.34415,0.24898,0.8683,0.97258,0.95614,0.98248,0.86822,0.47068,0.3126,0.87621,0.000752717,0.000752717,0.000752717
556,7465.88,0.3412,0.25114,0.86549,0.97182,0.95895,0.98242,0.86742,0.47249,0.30535,0.88733,0.000751067,0.000751067,0.000751067
557,7477.27,0.34007,0.24191,0.86064,0.97543,0.95938,0.98224,0.86326,0.46005,0.29544,0.88221,0.000749417,0.000749417,0.000749417
558,7488.92,0.33998,0.24824,0.8629,0.97461,0.95624,0.98097,0.86265,0.46712,0.29862,0.8866,0.000747766,0.000747766,0.000747766
559,7500.66,0.33795,0.25251,0.8664,0.9749,0.96167,0.98237,0.85753,0.47451,0.30023,0.89547,0.000746116,0.000746116,0.000746116
560,7512.52,0.34067,0.25036,0.8578,0.97955,0.96056,0.98073,0.85781,0.47353,0.2972,0.8973,0.000744466,0.000744466,0.000744466
561,7525.39,0.34964,0.25272,0.87212,0.97541,0.9555,0.98208,0.85708,0.4625,0.28917,0.89038,0.000742815,0.000742815,0.000742815
562,7538.45,0.34042,0.24136,0.85716,0.97515,0.94933,0.98046,0.85965,0.46349,0.2977,0.89616,0.000741165,0.000741165,0.000741165
563,7550.32,0.33844,0.2452,0.8697,0.96809,0.95328,0.97973,0.85886,0.4676,0.30011,0.88438,0.000739515,0.000739515,0.000739515
564,7564.13,0.34008,0.24745,0.86401,0.96694,0.96555,0.98151,0.86166,0.46715,0.28805,0.89201,0.000737864,0.000737864,0.000737864
565,7578.93,0.34239,0.24973,0.85786,0.97907,0.95637,0.98201,0.86119,0.46361,0.27901,0.88367,0.000736214,0.000736214,0.000736214
566,7592.35,0.35261,0.25261,0.87187,0.9693,0.96266,0.98405,0.86271,0.46874,0.28551,0.87908,0.000734564,0.000734564,0.000734564
567,7606.33,0.33456,0.25028,0.85683,0.98144,0.96567,0.98111,0.85876,0.47,0.2885,0.87903,0.000732913,0.000732913,0.000732913
568,7620.05,0.33103,0.24053,0.86277,0.98081,0.95952,0.97986,0.85799,0.47177,0.28659,0.88948,0.000731263,0.000731263,0.000731263
569,7631.82,0.33876,0.24466,0.86635,0.97265,0.96228,0.97737,0.85929,0.47106,0.28875,0.89336,0.000729613,0.000729613,0.000729613
570,7643.67,0.34461,0.24412,0.87025,0.97501,0.95716,0.97589,0.8569,0.47369,0.29807,0.89427,0.000727962,0.000727962,0.000727962
571,7657.62,0.32928,0.24558,0.85517,0.97943,0.95838,0.97571,0.85977,0.46673,0.30531,0.87731,0.000726312,0.000726312,0.000726312
572,7671.15,0.33277,0.24604,0.861,0.97469,0.96472,0.9783,0.85725,0.45861,0.29234,0.87104,0.000724662,0.000724662,0.000724662
573,7683.85,0.34231,0.25392,0.85892,0.97829,0.96559,0.97835,0.85525,0.46573,0.29961,0.87821,0.000723011,0.000723011,0.000723011
574,7698.1,0.34652,0.25519,0.87881,0.97196,0.96567,0.97882,0.86359,0.46558,0.30133,0.88072,0.000721361,0.000721361,0.000721361
575,7712.39,0.33436,0.24464,0.86567,0.97528,0.96215,0.97659,0.86128,0.45752,0.28554,0.87216,0.000719711,0.000719711,0.000719711
576,7724.94,0.33793,0.24558,0.86576,0.97162,0.95649,0.97658,0.85835,0.46268,0.29443,0.87644,0.00071806,0.00071806,0.00071806
577,7739.9,0.33318,0.24678,0.86791,0.96999,0.9572,0.97651,0.85399,0.46815,0.30391,0.88199,0.00071641,0.00071641,0.00071641
578,7753.95,0.3346,0.23618,0.85989,0.96719,0.95952,0.97813,0.8538,0.46916,0.30266,0.88583,0.00071476,0.00071476,0.00071476
579,7767.53,0.32683,0.23782,0.85174,0.97298,0.94924,0.97779,0.85478,0.46654,0.30444,0.88091,0.000713109,0.000713109,0.000713109
580,7781.48,0.34054,0.24611,0.86182,0.96959,0.95494,0.978,0.85027,0.46178,0.29941,0.86983,0.000711459,0.000711459,0.000711459
581,7794.89,0.33265,0.24441,0.86864,0.97136,0.95539,0.98086,0.85474,0.45829,0.29457,0.86726,0.000709809,0.000709809,0.000709809
582,7805.9,0.32968,0.23833,0.86333,0.97888,0.94928,0.97997,0.8553,0.45913,0.28842,0.87682,0.000708158,0.000708158,0.000708158
583,7816.75,0.33746,0.24309,0.85096,0.97372,0.95943,0.981,0.85255,0.47231,0.29065,0.8908,0.000706508,0.000706508,0.000706508
584,7827.57,0.33586,0.25046,0.85821,0.97863,0.95938,0.98093,0.854,0.47792,0.29717,0.88896,0.000704858,0.000704858,0.000704858
585,7838.14,0.33095,0.24188,0.86003,0.9774,0.95938,0.98207,0.85653,0.47558,0.2961,0.88654,0.000703207,0.000703207,0.000703207
586,7848.7,0.33125,0.24266,0.86723,0.97518,0.96126,0.98137,0.86178,0.47314,0.30241,0.88812,0.000701557,0.000701557,0.000701557
587,7859.15,0.34061,0.25286,0.865,0.98115,0.95987,0.98179,0.86072,0.47174,0.30306,0.8853,0.000699907,0.000699907,0.000699907
588,7869.69,0.34189,0.24379,0.86952,0.97889,0.95684,0.98193,0.86088,0.46877,0.29827,0.87372,0.000698256,0.000698256,0.000698256
589,7880.66,0.3337,0.24379,0.856,0.9729,0.96204,0.9822,0.86131,0.46592,0.29814,0.87305,0.000696606,0.000696606,0.000696606
590,7891.75,0.33687,0.24502,0.87324,0.97516,0.95789,0.98195,0.86224,0.47869,0.30405,0.91405,0.000694956,0.000694956,0.000694956
591,7902.47,0.33304,0.23909,0.8587,0.97705,0.95595,0.98314,0.86054,0.47456,0.31405,0.91509,0.000693305,0.000693305,0.000693305
592,7913.45,0.32833,0.24008,0.85593,0.97693,0.95248,0.98276,0.85851,0.46804,0.31692,0.89784,0.000691655,0.000691655,0.000691655
593,7924.7,0.32972,0.24261,0.86777,0.97762,0.94986,0.98112,0.85994,0.46398,0.30466,0.89622,0.000690005,0.000690005,0.000690005
594,7935.58,0.33076,0.24228,0.85615,0.97849,0.95008,0.97996,0.85737,0.46739,0.30524,0.89615,0.000688354,0.000688354,0.000688354
595,7946.64,0.33481,0.23809,0.85915,0.97711,0.9531,0.97955,0.85847,0.46431,0.29113,0.89271,0.000686704,0.000686704,0.000686704
596,7957.68,0.33742,0.24353,0.86423,0.97521,0.95515,0.98072,0.85664,0.46718,0.29285,0.89899,0.000685054,0.000685054,0.000685054
597,7968.33,0.32597,0.2351,0.85596,0.977,0.952,0.97973,0.85416,0.4713,0.2974,0.90392,0.000683403,0.000683403,0.000683403
598,7978.79,0.32755,0.24229,0.85604,0.97154,0.95008,0.97823,0.85439,0.46905,0.29987,0.8956,0.000681753,0.000681753,0.000681753
599,7989.49,0.32967,0.24078,0.86472,0.97477,0.95008,0.97791,0.85665,0.46993,0.29782,0.90223,0.000680103,0.000680103,0.000680103
600,8000.37,0.3256,0.23779,0.85531,0.978,0.94623,0.97773,0.8614,0.46835,0.29317,0.89677,0.000678452,0.000678452,0.000678452
601,8010.8,0.32938,0.2438,0.85797,0.9747,0.9528,0.97988,0.86084,0.46693,0.29222,0.8935,0.000676802,0.000676802,0.000676802
602,8021.51,0.33625,0.24203,0.86698,0.97453,0.95938,0.97906,0.86117,0.46429,0.28653,0.88188,0.000675152,0.000675152,0.000675152
603,8031.96,0.32735,0.23558,0.856,0.97941,0.95441,0.98096,0.86108,0.46047,0.27933,0.88049,0.000673501,0.000673501,0.000673501
604,8043.13,0.31956,0.2337,0.85024,0.97425,0.95532,0.98083,0.8597,0.46162,0.28249,0.88456,0.000671851,0.000671851,0.000671851
605,8053.5,0.31728,0.23355,0.85769,0.97454,0.96399,0.9826,0.86121,0.46173,0.27943,0.89319,0.000670201,0.000670201,0.000670201
606,8064.78,0.31378,0.23654,0.84868,0.97125,0.96253,0.98371,0.86161,0.46438,0.27519,0.90109,0.00066855,0.00066855,0.00066855
607,8075.62,0.33532,0.24387,0.86527,0.97223,0.96249,0.98082,0.86001,0.46367,0.27702,0.89925,0.0006669,0.0006669,0.0006669
608,8086.39,0.3348,0.23873,0.85915,0.96852,0.96104,0.98048,0.85794,0.46357,0.28134,0.88659,0.00066525,0.00066525,0.00066525
609,8097.95,0.3253,0.23858,0.85546,0.96668,0.96266,0.98056,0.85894,0.46587,0.28182,0.88994,0.000663599,0.000663599,0.000663599
610,8108.64,0.34056,0.24114,0.86518,0.96623,0.96301,0.97955,0.85813,0.4649,0.28269,0.8939,0.000661949,0.000661949,0.000661949
611,8119.74,0.32971,0.23568,0.86202,0.96466,0.96238,0.97908,0.85462,0.46098,0.28837,0.88917,0.000660299,0.000660299,0.000660299
612,8130.51,0.32887,0.23957,0.86122,0.96436,0.97183,0.98242,0.85684,0.46387,0.28396,0.88875,0.000658648,0.000658648,0.000658648
613,8141.25,0.33196,0.24039,0.85913,0.9648,0.97365,0.98445,0.86152,0.46507,0.27974,0.89147,0.000656998,0.000656998,0.000656998
614,8151.88,0.33262,0.23997,0.86803,0.96632,0.96959,0.98345,0.85823,0.4641,0.28358,0.89163,0.000655348,0.000655348,0.000655348
615,8162.45,0.32563,0.23545,0.85406,0.96745,0.97359,0.98313,0.86115,0.45359,0.28213,0.87252,0.000653697,0.000653697,0.000653697
616,8173.33,0.32455,0.24169,0.86523,0.96654,0.97088,0.98262,0.86386,0.4594,0.28251,0.88159,0.000652047,0.000652047,0.000652047
617,8183.88,0.32459,0.23672,0.86138,0.9621,0.96232,0.98327,0.86569,0.45965,0.28119,0.87784,0.000650397,0.000650397,0.000650397
618,8194.52,0.32666,0.2362,0.85647,0.95204,0.97196,0.98178,0.85989,0.45704,0.28191,0.87109,0.000648746,0.000648746,0.000648746
619,8205.26,0.32633,0.23946,0.8604,0.95881,0.9716,0.98405,0.85818,0.46669,0.27822,0.88584,0.000647096,0.000647096,0.000647096
620,8216.02,0.32377,0.23773,0.85623,0.96741,0.96452,0.9832,0.86408,0.45993,0.27058,0.87661,0.000645446,0.000645446,0.000645446
621,8226.67,0.32553,0.23998,0.85702,0.96718,0.96567,0.98506,0.86663,0.45439,0.27105,0.87117,0.000643795,0.000643795,0.000643795
622,8237.2,0.3205,0.2432,0.85659,0.97008,0.96035,0.98445,0.8605,0.45303,0.27644,0.87125,0.000642145,0.000642145,0.000642145
623,8248.37,0.31858,0.23964,0.85006,0.97259,0.95518,0.98416,0.85955,0.4568,0.28643,0.87317,0.000640495,0.000640495,0.000640495
624,8258.99,0.32516,0.24383,0.85643,0.96857,0.96158,0.98456,0.86185,0.45893,0.28185,0.88692,0.000638844,0.000638844,0.000638844
625,8270.24,0.32112,0.23558,0.85573,0.97298,0.96266,0.98458,0.86307,0.45418,0.27551,0.88731,0.000637194,0.000637194,0.000637194
626,8281.13,0.32409,0.23607,0.85632,0.97348,0.95952,0.98358,0.86333,0.45551,0.28217,0.88771,0.000635544,0.000635544,0.000635544
627,8291.83,0.31715,0.22626,0.8434,0.96485,0.96248,0.9841,0.86399,0.45442,0.28929,0.87952,0.000633893,0.000633893,0.000633893
628,8302.26,0.31935,0.2313,0.84777,0.96988,0.96434,0.98131,0.86074,0.46052,0.29976,0.88345,0.000632243,0.000632243,0.000632243
629,8312.66,0.32878,0.23761,0.86223,0.97967,0.9525,0.98274,0.86147,0.45955,0.29208,0.88411,0.000630593,0.000630593,0.000630593
630,8323.17,0.32025,0.23818,0.8581,0.97616,0.9589,0.98267,0.85948,0.45667,0.29343,0.88216,0.000628942,0.000628942,0.000628942
631,8333.97,0.31888,0.23676,0.85735,0.97461,0.95875,0.98254,0.85931,0.4613,0.303,0.91369,0.000627292,0.000627292,0.000627292
632,8344.99,0.32138,0.23335,0.85796,0.97451,0.96146,0.98164,0.85979,0.4645,0.301,0.91908,0.000625642,0.000625642,0.000625642
633,8355.93,0.30692,0.22901,0.85426,0.97448,0.96052,0.98116,0.85697,0.46116,0.2986,0.88566,0.000623991,0.000623991,0.000623991
634,8367.81,0.31898,0.23613,0.86112,0.97901,0.96193,0.98268,0.85772,0.46846,0.30099,0.90427,0.000622341,0.000622341,0.000622341
635,8379.08,0.32256,0.23822,0.86425,0.97854,0.95929,0.98246,0.86171,0.46716,0.31363,0.88816,0.000620691,0.000620691,0.000620691
636,8390.8,0.3199,0.23641,0.85501,0.97647,0.9559,0.98295,0.86622,0.46862,0.31978,0.90359,0.00061904,0.00061904,0.00061904
637,8402.79,0.31109,0.22659,0.85328,0.96881,0.96163,0.98315,0.86574,0.4691,0.30435,0.92101,0.00061739,0.00061739,0.00061739
638,8415.74,0.33102,0.23856,0.86615,0.97536,0.95624,0.98327,0.86453,0.4558,0.30741,0.87821,0.00061574,0.00061574,0.00061574
639,8428.75,0.31538,0.22915,0.84818,0.97817,0.95532,0.97976,0.86266,0.45199,0.29814,0.87305,0.000614089,0.000614089,0.000614089
640,8441.5,0.316,0.23334,0.85721,0.97195,0.9576,0.97972,0.86358,0.45543,0.29122,0.88363,0.000612439,0.000612439,0.000612439
641,8452.88,0.33408,0.23589,0.85476,0.97008,0.95637,0.98135,0.86341,0.45708,0.28974,0.88364,0.000610789,0.000610789,0.000610789
642,8463.96,0.32545,0.23388,0.85691,0.97505,0.95637,0.98267,0.86306,0.45684,0.28906,0.88773,0.000609138,0.000609138,0.000609138
643,8475.59,0.3252,0.23587,0.85801,0.98107,0.955,0.98324,0.86608,0.45431,0.28059,0.88627,0.000607488,0.000607488,0.000607488
644,8487.24,0.31085,0.23617,0.85293,0.97433,0.95637,0.98311,0.86673,0.45791,0.27881,0.88387,0.000605838,0.000605838,0.000605838
645,8498.08,0.32366,0.23572,0.86139,0.97876,0.95195,0.98276,0.8664,0.45219,0.28475,0.8777,0.000604187,0.000604187,0.000604187
646,8508.73,0.3128,0.2344,0.85762,0.97699,0.95637,0.98291,0.86741,0.45133,0.28295,0.89321,0.000602537,0.000602537,0.000602537
647,8519.39,0.3147,0.22718,0.84515,0.97614,0.95637,0.9831,0.86557,0.4533,0.28347,0.9016,0.000600887,0.000600887,0.000600887
648,8530.79,0.31753,0.22826,0.84695,0.97649,0.95952,0.98251,0.86342,0.45716,0.2891,0.90989,0.000599236,0.000599236,0.000599236
649,8542.64,0.31684,0.23517,0.85154,0.97522,0.95911,0.98276,0.86374,0.45803,0.28619,0.90758,0.000597586,0.000597586,0.000597586
650,8554.73,0.30493,0.22428,0.84854,0.97653,0.95645,0.98301,0.86479,0.46727,0.28261,0.94442,0.000595936,0.000595936,0.000595936
651,8565.14,0.30964,0.22941,0.85236,0.96954,0.96841,0.98312,0.86472,0.46462,0.27657,0.9267,0.000594286,0.000594286,0.000594286
652,8575.49,0.32566,0.2373,0.85564,0.98257,0.95637,0.98206,0.86388,0.45558,0.27669,0.87618,0.000592635,0.000592635,0.000592635
653,8585.87,0.32399,0.23959,0.86931,0.98246,0.95952,0.98265,0.86069,0.45752,0.27683,0.88243,0.000590985,0.000590985,0.000590985
654,8596.35,0.30916,0.23287,0.8521,0.98368,0.95952,0.98302,0.86133,0.4605,0.27688,0.88787,0.000589335,0.000589335,0.000589335
655,8606.84,0.31757,0.23306,0.85336,0.98207,0.96111,0.98274,0.86219,0.46416,0.27641,0.89059,0.000587684,0.000587684,0.000587684
